,mean_fit_time,std_fit_time,mean_score_time,std_score_time,param_gradientboostingregressor__criterion,param_gradientboostingregressor__learning_rate,param_gradientboostingregressor__loss,param_gradientboostingregressor__n_estimators,params,split0_test_score,split1_test_score,split2_test_score,split3_test_score,split4_test_score,mean_test_score,std_test_score,rank_test_score,split0_train_score,split1_train_score,split2_train_score,split3_train_score,split4_train_score,mean_train_score,std_train_score
0,0.0029170989990234377,0.0003515723116051104,0.0009861469268798828,2.9747683983875663e-05,friedman_mse,0.1,squared_error,1,"{'gradientboostingregressor__criterion': 'friedman_mse', 'gradientboostingregressor__learning_rate': 0.1, 'gradientboostingregressor__loss': 'squared_error', 'gradientboostingregressor__n_estimators': 1}",0.05333498086014521,0.1572376005687589,0.14979672805749134,0.025143152045316697,0.05959540156036225,0.08902157261841488,0.05397579268030959,37,0.17777568594447268,0.1758396035556431,0.1790516440181089,0.1775906796709561,0.17534048275914726,0.17711961918966562,0.0013556406576418175
1,0.004686403274536133,3.880745591049825e-05,0.0009614467620849609,7.969887701330633e-06,friedman_mse,0.1,squared_error,5,"{'gradientboostingregressor__criterion': 'friedman_mse', 'gradientboostingregressor__learning_rate': 0.1, 'gradientboostingregressor__loss': 'squared_error', 'gradientboostingregressor__n_estimators': 5}",0.4453589806846938,0.5367117092852286,0.5538721947347359,0.4882611486072609,0.572405457676797,0.5193218981977432,0.04636653133367557,24,0.616556314726011,0.6105265047592157,0.6178386116671162,0.615090593059726,0.6069205428460009,0.6133865134116139,0.0040684427375514585
2,0.007167148590087891,2.814486641389775e-05,0.0009593009948730469,8.165758021181024e-06,friedman_mse,0.1,squared_error,10,"{'gradientboostingregressor__criterion': 'friedman_mse', 'gradientboostingregressor__learning_rate': 0.1, 'gradientboostingregressor__loss': 'squared_error', 'gradientboostingregressor__n_estimators': 10}",0.6446055223728271,0.7641631128037816,0.7600845509745353,0.7393688106967139,0.8232346750790953,0.7462913343853905,0.05799630447484276,15,0.8418351151358363,0.8355301400693851,0.84273730064756,0.8384186286303554,0.8311637418489705,0.8379369852664216,0.004245942881428853
3,0.012195920944213868,0.00011387971524582808,0.000982522964477539,1.896649392794402e-05,friedman_mse,0.1,squared_error,20,"{'gradientboostingregressor__criterion': 'friedman_mse', 'gradientboostingregressor__learning_rate': 0.1, 'gradientboostingregressor__loss': 'squared_error', 'gradientboostingregressor__n_estimators': 20}",0.7985569691062091,0.8794167602861347,0.8481558547920375,0.8916854743117422,0.941759587359197,0.8719149291710642,0.047479073543785,5,0.9643244897669733,0.958133397942444,0.9634737865506775,0.9600024235703382,0.9583931223452115,0.960865444035129,0.0025725358215989065
4,0.0518956184387207,0.00030669612221201744,0.001018857955932617,2.0560806886029146e-05,friedman_mse,0.1,squared_error,100,"{'gradientboostingregressor__criterion': 'friedman_mse', 'gradientboostingregressor__learning_rate': 0.1, 'gradientboostingregressor__loss': 'squared_error', 'gradientboostingregressor__n_estimators': 100}",0.8264144645917137,0.9079155033720044,0.8668721804597497,0.9350955376475943,0.9611335542402519,0.899486248062263,0.04804711677926086,1,0.9984117348736878,0.9965341506444749,0.9985355944078084,0.9975033625714953,0.9973523291235479,0.9976674343242029,0.0007373232622104911
5,0.003335428237915039,7.720807912006216e-05,0.0009455680847167969,8.804072123659473e-06,friedman_mse,0.1,absolute_error,1,"{'gradientboostingregressor__criterion': 'friedman_mse', 'gradientboostingregressor__learning_rate': 0.1, 'gradientboostingregressor__loss': 'absolute_error', 'gradientboostingregressor__n_estimators': 1}",0.08032267742095733,0.058056334636122586,-0.10096861368873244,0.12686558017346428,-0.2916601880927181,-0.02547684191018127,0.1535787256309445,53,0.04667383972628891,0.04867835940861609,-0.021206659794883453,-0.029218504616497443,0.009348013419848367,0.010855009628674495,0.03270994529464854
6,0.007893705368041992,0.000220781917358173,0.0009449958801269531,4.30370301038602e-06,friedman_mse,0.1,absolute_error,5,"{'gradientboostingregressor__criterion': 'friedman_mse', 'gradientboostingregressor__learning_rate': 0.1, 'gradientboostingregressor__loss': 'absolute_error', 'gradientboostingregressor__n_estimators': 5}",0.31011099518639973,0.24425078230095532,0.22361548180947188,0.5248432995079508,-0.040663438960357956,0.25243142396888396,0.18129370809087297,31,0.30501034465314625,0.26654436782781643,0.2560741609018399,0.32351899118141303,0.2579796573868026,0.28182550439020365,0.027353803772896184
7,0.013460493087768555,0.00042031345716205096,0.0009473323822021485,5.916624973009528e-06,friedman_mse,0.1,absolute_error,10,"{'gradientboostingregressor__criterion': 'friedman_mse', 'gradientboostingregressor__learning_rate': 0.1, 'gradientboostingregressor__loss': 'absolute_error', 'gradientboostingregressor__n_estimators': 10}",0.5193572132555561,0.5080784902747003,0.4067209391595735,0.7547709883204948,0.15835417726383438,0.46945636165483184,0.19292822622285344,27,0.6229303354777985,0.5911333462978482,0.42883198212491036,0.5643012524398161,0.43705753472564224,0.5288508902132031,0.0805190370360549
8,0.024391365051269532,0.0005269574316242721,0.0009562969207763672,5.737918455692796e-06,friedman_mse,0.1,absolute_error,20,"{'gradientboostingregressor__criterion': 'friedman_mse', 'gradientboostingregressor__learning_rate': 0.1, 'gradientboostingregressor__loss': 'absolute_error', 'gradientboostingregressor__n_estimators': 20}",0.7655580032703576,0.7374528099438236,0.8162400223109502,0.8872774460623993,0.6757497871870368,0.7764556137549136,0.07161831861229484,11,0.9028042760959336,0.8646827928390741,0.8231634894385297,0.8858629643984594,0.7858492792639689,0.852472560407193,0.04264967453626811
9,0.11044340133666992,0.0033515014961304625,0.00100860595703125,4.9888197516062034e-06,friedman_mse,0.1,absolute_error,100,"{'gradientboostingregressor__criterion': 'friedman_mse', 'gradientboostingregressor__learning_rate': 0.1, 'gradientboostingregressor__loss': 'absolute_error', 'gradientboostingregressor__n_estimators': 100}",0.8057407713676394,0.8522819798746943,0.8805669952418665,0.8763206629471514,0.9163816534978944,0.8662584125858492,0.03654052344843988,7,0.9770493850007229,0.9728241318634198,0.9797671445211212,0.9828706214443754,0.9733209567680892,0.9771664479195457,0.0038199066237016286
10,0.0036798954010009766,7.955104478777597e-05,0.0009434223175048828,6.494445072115057e-06,friedman_mse,0.1,huber,1,"{'gradientboostingregressor__criterion': 'friedman_mse', 'gradientboostingregressor__learning_rate': 0.1, 'gradientboostingregressor__loss': 'huber', 'gradientboostingregressor__n_estimators': 1}",0.14722638025897083,0.15471831484373755,0.010899891085766278,0.17173586556300124,-0.13394677174461522,0.07012673600137213,0.11711389438352149,43,0.14608723169269933,0.1434962232671957,0.08924983493340777,0.07655187487389048,0.10351660121944384,0.11178035319732742,0.028283627282803158
11,0.009904575347900391,0.00010730154168433992,0.0009564876556396485,7.97673174527225e-06,friedman_mse,0.1,huber,5,"{'gradientboostingregressor__criterion': 'friedman_mse', 'gradientboostingregressor__learning_rate': 0.1, 'gradientboostingregressor__loss': 'huber', 'gradientboostingregressor__n_estimators': 5}",0.5289503277727683,0.5388639567681981,0.5158195652945714,0.5576697704591173,0.4287500411698715,0.5140107322929053,0.04476526157887449,26,0.5940815755339552,0.5971669974521241,0.5719438456634097,0.5620671272422875,0.5567211239984546,0.5763961339780461,0.016470901222782882
12,0.017551946640014648,0.00010275706889968822,0.0009503841400146484,4.504534026573007e-06,friedman_mse,0.1,huber,10,"{'gradientboostingregressor__criterion': 'friedman_mse', 'gradientboostingregressor__learning_rate': 0.1, 'gradientboostingregressor__loss': 'huber', 'gradientboostingregressor__n_estimators': 10}",0.7342954171826841,0.7402076450763907,0.7521260691146527,0.7752593172210591,0.7230471241544942,0.7449871145498561,0.017809490876676815,16,0.8227485725127786,0.8305212557625622,0.8160426811094309,0.8106691240609032,0.7919971231863581,0.8143957513264066,0.013023825752322993
13,0.03278436660766602,0.0003458055026858302,0.0009656906127929688,1.6791575267679157e-05,friedman_mse,0.1,huber,20,"{'gradientboostingregressor__criterion': 'friedman_mse', 'gradientboostingregressor__learning_rate': 0.1, 'gradientboostingregressor__loss': 'huber', 'gradientboostingregressor__n_estimators': 20}",0.8369927823562793,0.8301963857729319,0.8591786068254714,0.9146370902146614,0.883965983612199,0.8649941697563085,0.031154882478673235,9,0.9462752640163294,0.9505187196500879,0.9486649704846983,0.9419677723013483,0.9266118762270525,0.9428077205359033,0.00858838317733352
14,0.14777908325195313,0.0021007956975053308,0.0010766983032226562,2.9109727131009614e-05,friedman_mse,0.1,huber,100,"{'gradientboostingregressor__criterion': 'friedman_mse', 'gradientboostingregressor__learning_rate': 0.1, 'gradientboostingregressor__loss': 'huber', 'gradientboostingregressor__n_estimators': 100}",0.8434410383768877,0.8902843835281951,0.882935283791232,0.9239700724578812,0.9241350435847668,0.8929531643477926,0.029977622058883362,3,0.9980969522077022,0.9964865571824965,0.9974235623871299,0.9960134500356286,0.9966749866991464,0.9969391017024207,0.0007357586877927668
15,0.00298919677734375,9.139882502293131e-05,0.0009440422058105469,8.586511980963074e-06,friedman_mse,0.1,quantile,1,"{'gradientboostingregressor__criterion': 'friedman_mse', 'gradientboostingregressor__learning_rate': 0.1, 'gradientboostingregressor__loss': 'quantile', 'gradientboostingregressor__n_estimators': 1}",-5.794670083591375,-2.3472490068876075,-1.1171305733707761,-10.05860240808542,-0.05461776927968809,-3.8744539682429733,3.645744306460829,137,-2.6392369500190633,-2.3184084103862475,-1.6341532654593554,-2.6345548032707247,-1.1208929778042158,-2.069449281387921,0.5992035661859528
16,0.006449127197265625,0.0004542264671238536,0.0009508132934570312,5.3630933185586894e-06,friedman_mse,0.1,quantile,5,"{'gradientboostingregressor__criterion': 'friedman_mse', 'gradientboostingregressor__learning_rate': 0.1, 'gradientboostingregressor__loss': 'quantile', 'gradientboostingregressor__n_estimators': 5}",-3.603000128052577,-1.2417910152746958,-0.5089011098455647,-6.095096998851131,0.28348352810321165,-2.233061144784151,2.327247092268128,129,-1.437642788870075,-1.201619093112487,-0.8170056873591833,-1.3318403073498928,-0.5753542812330488,-1.0726924315849373,0.32548100276878883
17,0.011210298538208008,0.00054558305700674,0.0009521484375,1.063742371634593e-05,friedman_mse,0.1,quantile,10,"{'gradientboostingregressor__criterion': 'friedman_mse', 'gradientboostingregressor__learning_rate': 0.1, 'gradientboostingregressor__loss': 'quantile', 'gradientboostingregressor__n_estimators': 10}",-2.3285654948562384,-0.6026161815695694,-0.17793157946902993,-3.683860569115817,0.41762794244500434,-1.2750691765131301,1.5121678438337929,125,-0.7480529416455097,-0.5716687622600891,-0.3213036522010788,-0.5486035352289691,-0.2559657456481368,-0.4891189273967568,0.17884188004401824
18,0.020648384094238283,0.0009466427093982718,0.0009634494781494141,8.828572701288695e-06,friedman_mse,0.1,quantile,20,"{'gradientboostingregressor__criterion': 'friedman_mse', 'gradientboostingregressor__learning_rate': 0.1, 'gradientboostingregressor__loss': 'quantile', 'gradientboostingregressor__n_estimators': 20}",-1.0118113881269881,-0.0008129820675164545,0.0730949647983492,-1.7341805423787737,0.514077515210535,-0.43192648651287885,0.8207266556431017,124,-0.04251552490105248,0.02376892141009812,0.07728799166760814,0.10594110251824052,0.012419397764465323,0.035380377691871925,0.051893868913655904
19,0.10366859436035156,0.0018841739004244369,0.0010356426239013672,6.410993576943838e-05,friedman_mse,0.1,quantile,100,"{'gradientboostingregressor__criterion': 'friedman_mse', 'gradientboostingregressor__learning_rate': 0.1, 'gradientboostingregressor__loss': 'quantile', 'gradientboostingregressor__n_estimators': 100}",0.6637888568918744,0.8524901779727176,0.7445427761909266,0.5480663015942671,0.8698523426031103,0.7357480910505793,0.12007713945988996,17,0.8432369868827964,0.8797720084635398,0.9118052306134736,0.8776669351707606,0.8684724865480232,0.8761907295357186,0.022040498444932388
20,0.0026015281677246095,2.5553578292646226e-05,0.0009387016296386718,6.6644710038442626e-06,friedman_mse,0.01,squared_error,1,"{'gradientboostingregressor__criterion': 'friedman_mse', 'gradientboostingregressor__learning_rate': 0.01, 'gradientboostingregressor__loss': 'squared_error', 'gradientboostingregressor__n_estimators': 1}",-0.09618793881140819,0.009189559004871617,-0.003073113798320204,-0.15467504546371824,-0.1385805153232289,-0.07666541087836079,0.06795147443083811,65,0.018619663948921006,0.018416884793459265,0.01875330376821227,0.018600286976063418,0.018364608457405285,0.01855094958881225,0.00014198552151092647
21,0.004557514190673828,1.0082146365910947e-05,0.0009346961975097656,2.3775006985317058e-06,friedman_mse,0.01,squared_error,5,"{'gradientboostingregressor__criterion': 'friedman_mse', 'gradientboostingregressor__learning_rate': 0.01, 'gradientboostingregressor__loss': 'squared_error', 'gradientboostingregressor__n_estimators': 5}",-0.029518253660188787,0.07284711841388114,0.06508276677192204,-0.07331903369151105,-0.05529521474981536,-0.004040523383142402,0.06126240090084324,51,0.0895950086003302,0.08856557965485601,0.09010814035407244,0.08937366719354278,0.08824049014939017,0.08917657719043832,0.0006828347060385518
22,0.007016658782958984,3.3548806697281245e-05,0.0009370803833007813,3.2988034355979874e-06,friedman_mse,0.01,squared_error,10,"{'gradientboostingregressor__criterion': 'friedman_mse', 'gradientboostingregressor__learning_rate': 0.01, 'gradientboostingregressor__loss': 'squared_error', 'gradientboostingregressor__n_estimators': 10}",0.045215449702390886,0.1451421514058422,0.14230528296420508,0.013462897336688373,0.036490216826531086,0.07652319964713153,0.055848472984675324,41,0.17094946608014705,0.1688906209271066,0.1716068563992621,0.17039602734008696,0.16811145484892098,0.16999088511910473,0.0012990165733403802
23,0.01189579963684082,7.599168746968324e-05,0.0009471416473388672,1.1649474319687026e-05,friedman_mse,0.01,squared_error,20,"{'gradientboostingregressor__criterion': 'friedman_mse', 'gradientboostingregressor__learning_rate': 0.01, 'gradientboostingregressor__loss': 'squared_error', 'gradientboostingregressor__n_estimators': 20}",0.1732954916679007,0.26812519811695823,0.2737980939624074,0.16431447939956167,0.20641789262413668,0.21719023115419295,0.046124738583117435,33,0.31142517621746557,0.3078543810056744,0.3121147448558026,0.31049940900788153,0.30590775210598165,0.30956029263856116,0.002329641315289418
24,0.050957870483398435,0.00021621168115819846,0.0009890079498291015,1.131963608334115e-05,friedman_mse,0.01,squared_error,100,"{'gradientboostingregressor__criterion': 'friedman_mse', 'gradientboostingregressor__learning_rate': 0.01, 'gradientboostingregressor__loss': 'squared_error', 'gradientboostingregressor__n_estimators': 100}",0.63134183625149,0.7498035643469918,0.7503183664239557,0.7268914386539318,0.8113830097249486,0.7339476430802636,0.058469459455854335,18,0.830107137430893,0.8231437014311779,0.8303842735448081,0.8263853522643848,0.8190266953619962,0.825809432006652,0.004309124436537671
25,0.0032891750335693358,4.9678422937683954e-05,0.0009561061859130859,1.6519775428678952e-05,friedman_mse,0.01,absolute_error,1,"{'gradientboostingregressor__criterion': 'friedman_mse', 'gradientboostingregressor__learning_rate': 0.01, 'gradientboostingregressor__loss': 'absolute_error', 'gradientboostingregressor__n_estimators': 1}",0.00018287284017293182,-0.001591694913321673,-0.19062330156548457,-0.010253838033245977,-0.36911184224186644,-0.11427956078274915,0.14655334404168655,93,-0.027166300283875344,-0.027963417305030935,-0.09553364174627021,-0.11253353890161977,-0.07084846168301895,-0.06680907198396305,0.034677597055085836
26,0.007881736755371094,0.0001780975997973839,0.000964498519897461,1.9757176697441442e-05,friedman_mse,0.01,absolute_error,5,"{'gradientboostingregressor__criterion': 'friedman_mse', 'gradientboostingregressor__learning_rate': 0.01, 'gradientboostingregressor__loss': 'absolute_error', 'gradientboostingregressor__n_estimators': 5}",0.03487418047497104,0.024968023023677177,-0.1505697031127693,0.0483096252035321,-0.3348416879831828,-0.07545191247875435,0.14865979049373376,63,0.006562066635523833,0.005961833555711671,-0.06099743677676206,-0.07604874902880576,-0.034970741116982174,-0.0318986053462629,0.03381730716406693
27,0.013710355758666993,0.0004321976246047835,0.0009894371032714844,9.27077393304042e-06,friedman_mse,0.01,absolute_error,10,"{'gradientboostingregressor__criterion': 'friedman_mse', 'gradientboostingregressor__learning_rate': 0.01, 'gradientboostingregressor__loss': 'absolute_error', 'gradientboostingregressor__n_estimators': 10}",0.0736941983458842,0.05670151880517382,-0.10523006470579843,0.11632801029160789,-0.29316390623332556,-0.030334048699291617,0.15139073483312912,57,0.04348557987793189,0.04384625640518658,-0.020642471877506674,-0.0337144022457867,0.007910006745948772,0.008176993781154773,0.03195157114230678
28,0.02526965141296387,0.0005980842583380699,0.0009717941284179688,1.2157009872419321e-05,friedman_mse,0.01,absolute_error,20,"{'gradientboostingregressor__criterion': 'friedman_mse', 'gradientboostingregressor__learning_rate': 0.01, 'gradientboostingregressor__loss': 'absolute_error', 'gradientboostingregressor__n_estimators': 20}",0.1406206449678845,0.11604427046427968,-0.024661501639849925,0.24100238418116227,-0.2176597182839346,0.051069215937908384,0.1589126843419277,49,0.1093986689410612,0.11349957527306487,0.05043850794563176,0.04410165360151619,0.0845238636164447,0.08039245387554375,0.02887480426740903
29,0.11256437301635742,0.0025510120712894744,0.001014375686645508,1.3172793710950499e-05,friedman_mse,0.01,absolute_error,100,"{'gradientboostingregressor__criterion': 'friedman_mse', 'gradientboostingregressor__learning_rate': 0.01, 'gradientboostingregressor__loss': 'absolute_error', 'gradientboostingregressor__n_estimators': 100}",0.5282467378084597,0.494900166274597,0.3664514126071138,0.7921420467353418,0.13402432336512682,0.46315293735812785,0.2150143032116141,30,0.6163220307488302,0.5620968257960689,0.40939723715657617,0.6395627681596081,0.42767958166364584,0.5310116887049459,0.09538875848798567
30,0.003704547882080078,8.668527081066374e-05,0.0009460926055908203,7.159547568940529e-06,friedman_mse,0.01,huber,1,"{'gradientboostingregressor__criterion': 'friedman_mse', 'gradientboostingregressor__learning_rate': 0.01, 'gradientboostingregressor__loss': 'huber', 'gradientboostingregressor__n_estimators': 1}",0.007040153218180523,0.008575962035236917,-0.17866208567800346,-0.005374983345083573,-0.3523900437731038,-0.10416219950855468,0.14283001512640803,85,-0.016669648566649764,-0.017946575907283657,-0.08386338498631551,-0.10132698652777017,-0.06088968689276575,-0.05613925657615697,0.03420425597955471
31,0.009682178497314453,0.00023083696186085054,0.0009433269500732422,3.630231153616768e-06,friedman_mse,0.01,huber,5,"{'gradientboostingregressor__criterion': 'friedman_mse', 'gradientboostingregressor__learning_rate': 0.01, 'gradientboostingregressor__loss': 'huber', 'gradientboostingregressor__n_estimators': 5}",0.06913593656009853,0.07103430622317164,-0.095828645930641,0.05912345618544512,-0.2538164578630595,-0.030070280964997042,0.12837916352153309,56,0.055908573897353264,0.05399758492312767,-0.006415514534365618,-0.022145636546988978,0.01293867668005233,0.018856736883835733,0.031504357102718546
32,0.017300987243652345,0.0003326105332411576,0.0009462833404541016,4.9070227459670774e-06,friedman_mse,0.01,huber,10,"{'gradientboostingregressor__criterion': 'friedman_mse', 'gradientboostingregressor__learning_rate': 0.01, 'gradientboostingregressor__loss': 'huber', 'gradientboostingregressor__n_estimators': 10}",0.13825077133906372,0.1421500665151918,-0.00020584540845169919,0.1391758195791406,-0.14213208255642606,0.05544774589370367,0.11271125461313991,45,0.13908119473099756,0.1364175333754687,0.08260508514755438,0.06819698658003015,0.09729460629088715,0.10471908122498759,0.028508110288657504
33,0.032433700561523435,0.0007420058621513789,0.0009626388549804687,9.843656105679828e-06,friedman_mse,0.01,huber,20,"{'gradientboostingregressor__criterion': 'friedman_mse', 'gradientboostingregressor__learning_rate': 0.01, 'gradientboostingregressor__loss': 'huber', 'gradientboostingregressor__n_estimators': 20}",0.25826811642652014,0.26323605352025636,0.1649150270098062,0.2705756570887292,0.048985497991750115,0.20119607040741241,0.08532769474753438,35,0.2826826294817265,0.27903368034956255,0.23658430449756496,0.22417256498490634,0.2421870320870967,0.2529320422801714,0.023563549213553667
34,0.15672335624694825,0.0010603474708550163,0.0010306358337402344,1.6768404277095615e-05,friedman_mse,0.01,huber,100,"{'gradientboostingregressor__criterion': 'friedman_mse', 'gradientboostingregressor__learning_rate': 0.01, 'gradientboostingregressor__loss': 'huber', 'gradientboostingregressor__n_estimators': 100}",0.7205077598628675,0.7284132856260175,0.7395904875590517,0.7562497510839974,0.7069931150253504,0.7303508798314569,0.01674722867744916,21,0.8106011357495488,0.8161681528511663,0.8034081395107572,0.796204006828091,0.779669672361903,0.8012102214602933,0.01269501687153351
35,0.002987098693847656,7.414647618637362e-05,0.0009551048278808594,6.906735633277858e-06,friedman_mse,0.01,quantile,1,"{'gradientboostingregressor__criterion': 'friedman_mse', 'gradientboostingregressor__learning_rate': 0.01, 'gradientboostingregressor__loss': 'quantile', 'gradientboostingregressor__n_estimators': 1}",-6.546447046211335,-2.709038235088716,-1.3374839419136668,-11.204869694996507,-0.19914338930618203,-4.399396461503281,4.01992629849892,147,-3.0470926860785053,-2.685084396609919,-1.917268523250582,-3.0778957554051694,-1.3141309065188076,-2.4082944535725965,0.6886714876898974
36,0.006234025955200196,0.00037907794129053853,0.000976896286010742,4.5549456155973265e-05,friedman_mse,0.01,quantile,5,"{'gradientboostingregressor__criterion': 'friedman_mse', 'gradientboostingregressor__learning_rate': 0.01, 'gradientboostingregressor__loss': 'quantile', 'gradientboostingregressor__n_estimators': 5}",-6.215406377196917,-2.5496603282698524,-1.2400440861496165,-10.621753915127089,-0.13258155806308514,-4.151889252961312,3.8293097502716007,139,-2.8670583298384056,-2.523320034222486,-1.7921208121544683,-2.8820975936540294,-1.2282650132413955,-2.258572356622157,0.6493443614557626
37,0.010379409790039063,0.0008166061885531023,0.0009488105773925781,9.182799206934508e-06,friedman_mse,0.01,quantile,10,"{'gradientboostingregressor__criterion': 'friedman_mse', 'gradientboostingregressor__learning_rate': 0.01, 'gradientboostingregressor__loss': 'quantile', 'gradientboostingregressor__n_estimators': 10}",-5.830295430907434,-2.365357182144555,-1.1281881830175378,-9.98034112089988,-0.05687970951498178,-3.872212325296877,3.619402456678662,133,-2.6583747474977795,-2.3345307340649257,-1.6474791356024379,-2.655673935269622,-1.1294327341982693,-2.085098257326607,0.6035273294043467
38,0.01881399154663086,0.0021246471982245534,0.0009525775909423828,1.1668975930900445e-05,friedman_mse,0.01,quantile,20,"{'gradientboostingregressor__criterion': 'friedman_mse', 'gradientboostingregressor__learning_rate': 0.01, 'gradientboostingregressor__loss': 'quantile', 'gradientboostingregressor__n_estimators': 20}",-5.219142249642237,-2.0346709082604955,-0.9372243127388837,-8.803762567964878,0.04697057526588255,-3.3895658926681222,3.2348223389749307,131,-2.3190403471965957,-1.9970454720487352,-1.397480214082592,-2.257541324151102,-0.9544713212566658,-1.7851157357471379,0.527902847387569
39,0.09339971542358398,0.0058120672437210336,0.001077747344970703,0.00011541031501784197,friedman_mse,0.01,quantile,100,"{'gradientboostingregressor__criterion': 'friedman_mse', 'gradientboostingregressor__learning_rate': 0.01, 'gradientboostingregressor__loss': 'quantile', 'gradientboostingregressor__n_estimators': 100}",-2.403785573348895,-0.6347613032453283,-0.1736973604751617,-3.771668273623125,0.38827205544082766,-1.3191280910503365,1.541883258880191,128,-0.7825924357138123,-0.6000111160854535,-0.33776953663904674,-0.5817737606314382,-0.26939608121502845,-0.5143085860569558,0.1870940236446262
40,0.0026458263397216796,3.429934458796274e-05,0.0009514331817626953,6.703930241888651e-06,friedman_mse,0.001,squared_error,1,"{'gradientboostingregressor__criterion': 'friedman_mse', 'gradientboostingregressor__learning_rate': 0.001, 'gradientboostingregressor__loss': 'squared_error', 'gradientboostingregressor__n_estimators': 1}",-0.11187782953269765,-0.006357499588606652,-0.01920910942860443,-0.1738117575698317,-0.15954909543973872,-0.09416105831189583,0.06965769568407808,77,0.0018703873484369193,0.0018500177237247284,0.0018838117704851332,0.00186844088769611,0.0018447664475551573,0.0018634848355796097,1.4262766708644075e-05
41,0.004673004150390625,1.984353121630798e-05,0.0009555816650390625,4.4399659526766895e-06,friedman_mse,0.001,squared_error,5,"{'gradientboostingregressor__criterion': 'friedman_mse', 'gradientboostingregressor__learning_rate': 0.001, 'gradientboostingregressor__loss': 'squared_error', 'gradientboostingregressor__n_estimators': 5}",-0.10490541225783967,0.000551699736244804,-0.01203641889762519,-0.1653018835189053,-0.1505895034800795,-0.08645630368364096,0.06896198125568932,73,0.009314622365112601,0.009213180617193562,0.009381476657061905,0.009304928893455688,0.009187028999725344,0.00928024750650982,7.102929020723235e-05
42,0.007216215133666992,2.4627150502591184e-05,0.0009615421295166016,1.7404229670556344e-05,friedman_mse,0.001,squared_error,10,"{'gradientboostingregressor__criterion': 'friedman_mse', 'gradientboostingregressor__learning_rate': 0.001, 'gradientboostingregressor__loss': 'squared_error', 'gradientboostingregressor__n_estimators': 10}",-0.09626584671991312,0.009112365455967275,-0.0031531960382429336,-0.15476995337122723,-0.13923915944219645,-0.07686315802312249,0.06806121917277748,67,0.018536516548779747,0.018334642917694155,0.018669559590193674,0.018517226105137397,0.01828260002524207,0.01846810903740941,0.00014135147532184697
43,0.012225008010864258,5.282090307522008e-05,0.0009549140930175781,3.449744653260407e-06,friedman_mse,0.001,squared_error,20,"{'gradientboostingregressor__criterion': 'friedman_mse', 'gradientboostingregressor__learning_rate': 0.001, 'gradientboostingregressor__loss': 'squared_error', 'gradientboostingregressor__n_estimators': 20}",-0.07923676255662326,0.025922139342644424,0.01434129544367957,-0.13405283587290096,-0.11740485666128753,-0.05808620406089755,0.06639295484576706,61,0.036705803662621994,0.036306310015299825,0.0369692540117732,0.03666760494092425,0.03620300099011753,0.03657039472414736,0.00027985461491335077
44,0.052045583724975586,0.00037809716939783466,0.0009778976440429688,4.345763164544849e-06,friedman_mse,0.001,squared_error,100,"{'gradientboostingregressor__criterion': 'friedman_mse', 'gradientboostingregressor__learning_rate': 0.001, 'gradientboostingregressor__loss': 'squared_error', 'gradientboostingregressor__n_estimators': 100}",0.04481718760332054,0.14400759946825548,0.14180305904727664,0.01185896107563178,0.041740834705931706,0.07684552838008323,0.05515728899087867,39,0.17030350850393616,0.16822131355758163,0.17090761830680645,0.1697609940336895,0.16743131000806555,0.16932494888201585,0.0013004949773369157
45,0.0033637523651123048,3.961842499065613e-05,0.0009637355804443359,7.338336411747221e-06,friedman_mse,0.001,absolute_error,1,"{'gradientboostingregressor__criterion': 'friedman_mse', 'gradientboostingregressor__learning_rate': 0.001, 'gradientboostingregressor__loss': 'absolute_error', 'gradientboostingregressor__n_estimators': 1}",-0.008378863902477107,-0.007827262457981599,-0.19988050084711095,-0.02489963823450414,-0.37706222013854607,-0.12360969711612398,0.14593341615345906,111,-0.03485309092896682,-0.035943543272205725,-0.10325476226006747,-0.1211735694664351,-0.07919001687376981,-0.07488299656028899,0.034885524276153476
46,0.0077590465545654295,0.0002773254904656815,0.0009395122528076172,3.816484986069439e-06,friedman_mse,0.001,absolute_error,5,"{'gradientboostingregressor__criterion': 'friedman_mse', 'gradientboostingregressor__learning_rate': 0.001, 'gradientboostingregressor__loss': 'absolute_error', 'gradientboostingregressor__n_estimators': 5}",-0.004766866469381181,-0.005043398553840062,-0.1957699204715151,-0.018704751452469415,-0.373532939758088,-0.11956357534105874,0.14613247600438856,101,-0.03144189361278005,-0.03239859014905355,-0.09981012118499732,-0.11737171451948814,-0.07548469602580865,-0.07130140309842554,0.03479922382151561
47,0.013266754150390626,0.0004838169287449151,0.0009429454803466797,5.46389637398957e-06,friedman_mse,0.001,absolute_error,10,"{'gradientboostingregressor__criterion': 'friedman_mse', 'gradientboostingregressor__learning_rate': 0.001, 'gradientboostingregressor__loss': 'absolute_error', 'gradientboostingregressor__n_estimators': 10}",-0.0002674816107297584,-0.0015272400575450096,-0.19060559225802765,-0.01100766380783269,-0.36915139574541644,-0.11451187469591032,0.14639806707745492,95,-0.027255086217711,-0.02800306920284945,-0.09545171076520909,-0.11265548309487827,-0.07088991322819393,-0.06685105250176834,0.034668032143142756
48,0.024664592742919923,0.0007322397539586557,0.0009693145751953125,2.470347849883933e-05,friedman_mse,0.001,absolute_error,20,"{'gradientboostingregressor__criterion': 'friedman_mse', 'gradientboostingregressor__learning_rate': 0.001, 'gradientboostingregressor__loss': 'absolute_error', 'gradientboostingregressor__n_estimators': 20}",0.008554614853758413,0.005347516763570481,-0.18020327237938916,0.004004298971606035,-0.3604618765540608,-0.104551743668903,0.1468798557223979,87,-0.01915964089777278,-0.019329517880067426,-0.08660027841941265,-0.10334193433403649,-0.06178118248921116,-0.0580425108041001,0.03432822431344906
49,0.11461448669433594,0.0031417228575756862,0.0010025978088378906,1.9903253811983023e-05,friedman_mse,0.001,absolute_error,100,"{'gradientboostingregressor__criterion': 'friedman_mse', 'gradientboostingregressor__learning_rate': 0.001, 'gradientboostingregressor__loss': 'absolute_error', 'gradientboostingregressor__n_estimators': 100}",0.07296167076777027,0.05736974905209613,-0.10572686500991435,0.11593041579809704,-0.29365030761120114,-0.03062306740063041,0.15150865762358573,59,0.04205449151282081,0.04506092446025056,-0.021069628321088718,-0.034297522867762886,0.007911119449851345,0.007931876846814224,0.03214756271151064
50,0.0036638736724853515,7.40742544897794e-05,0.0009408950805664063,5.083629800730749e-06,friedman_mse,0.001,huber,1,"{'gradientboostingregressor__criterion': 'friedman_mse', 'gradientboostingregressor__learning_rate': 0.001, 'gradientboostingregressor__loss': 'huber', 'gradientboostingregressor__n_estimators': 1}",-0.007691466763734223,-0.00680548217384791,-0.1986766356042624,-0.024407834504195813,-0.3753805357233302,-0.12259239095387411,0.1455607750527635,105,-0.03379787263203826,-0.03493650858231212,-0.10208149051120086,-0.12004661908480196,-0.07818872023464118,-0.07381024220899887,0.03483789311146405
51,0.009946823120117188,0.00012758294782834597,0.0009655475616455079,2.516661415236743e-05,friedman_mse,0.001,huber,5,"{'gradientboostingregressor__criterion': 'friedman_mse', 'gradientboostingregressor__learning_rate': 0.001, 'gradientboostingregressor__loss': 'huber', 'gradientboostingregressor__n_estimators': 5}",-0.0011444358573120539,-0.00011396236394656256,-0.1898789219035919,-0.01687539416705186,-0.36512818508734757,-0.11462817987584999,0.14419472949407328,100,-0.026185213984001754,-0.027375343039135025,-0.09395912838876153,-0.11172556150573287,-0.07045046366172336,-0.0659391421158709,0.0345525954293221
52,0.017759323120117188,0.00034853495429808197,0.0009793758392333985,1.6053486185074473e-05,friedman_mse,0.001,huber,10,"{'gradientboostingregressor__criterion': 'friedman_mse', 'gradientboostingregressor__learning_rate': 0.001, 'gradientboostingregressor__loss': 'huber', 'gradientboostingregressor__n_estimators': 10}",0.006967012811655682,0.008176892475207254,-0.1790908823131061,-0.008085775900645853,-0.35205531244164434,-0.10481761307370667,0.14231205690573695,89,-0.016754677152304387,-0.01801117142599873,-0.08389816913937209,-0.1014187229819632,-0.06083079171177519,-0.05618270648228272,0.03419849219119245
53,0.032734012603759764,0.0008869807876783007,0.0009676933288574219,1.1947031054732153e-05,friedman_mse,0.001,huber,20,"{'gradientboostingregressor__criterion': 'friedman_mse', 'gradientboostingregressor__learning_rate': 0.001, 'gradientboostingregressor__loss': 'huber', 'gradientboostingregressor__n_estimators': 20}",0.022951789363130692,0.024443900485654035,-0.15762754801029089,0.00919431031101181,-0.32678320313632314,-0.08556415019736349,0.13873457463574418,71,0.0018256847473419047,0.00044631387368432307,-0.06406563267821497,-0.081111841917761,-0.041987797351085376,-0.03697865466520702,0.03350504180798753
54,0.15514669418334961,0.0033829727571526923,0.0010347843170166015,3.473437136636204e-05,friedman_mse,0.001,huber,100,"{'gradientboostingregressor__criterion': 'friedman_mse', 'gradientboostingregressor__learning_rate': 0.001, 'gradientboostingregressor__loss': 'huber', 'gradientboostingregressor__n_estimators': 100}",0.13765645027436846,0.1406991664184698,-0.0008727974035915853,0.13455686379043952,-0.14264463471447786,0.05387900967304167,0.11196840491630375,47,0.13841570639713863,0.13578552403866984,0.08202856224985822,0.06745467713711306,0.09668940242333934,0.10407477444922382,0.028518351866910197
55,0.003042316436767578,8.928164281646437e-05,0.0009699344635009765,5.602380044069106e-06,friedman_mse,0.001,quantile,1,"{'gradientboostingregressor__criterion': 'friedman_mse', 'gradientboostingregressor__learning_rate': 0.001, 'gradientboostingregressor__loss': 'quantile', 'gradientboostingregressor__n_estimators': 1}",-6.623948432301897,-2.7463650305168423,-1.3605610021689039,-11.324147047180332,-0.21472209636474093,-4.453948721706544,4.058680963124274,155,-3.0893318414282493,-2.7230200583506874,-1.9466699389132818,-3.1238579826055615,-1.3343989924439432,-2.443455762748345,0.69786278876219
56,0.0062006950378417965,0.0003549174468521148,0.000951385498046875,2.6583660878405965e-05,friedman_mse,0.001,quantile,5,"{'gradientboostingregressor__criterion': 'friedman_mse', 'gradientboostingregressor__learning_rate': 0.001, 'gradientboostingregressor__loss': 'quantile', 'gradientboostingregressor__n_estimators': 5}",-6.5895372655694135,-2.7297910234826475,-1.3503477772319812,-11.263487370272065,-0.20764824342183008,-4.428162335995587,4.038894816390117,149,-3.0705731573439827,-2.706173423390407,-1.9336108265735859,-3.1034448164344157,-1.325392266282324,-2.4278388980049437,0.6937824955350046
57,0.010061407089233398,0.0007570395573091117,0.0009408950805664063,4.0533963274676155e-06,friedman_mse,0.001,quantile,10,"{'gradientboostingregressor__criterion': 'friedman_mse', 'gradientboostingregressor__learning_rate': 0.001, 'gradientboostingregressor__loss': 'quantile', 'gradientboostingregressor__n_estimators': 10}",-6.546832473438226,-2.70922385446875,-1.3376802784896067,-11.192029813536841,-0.19879613099916593,-4.396912510186518,4.015648166709131,145,-3.047302663976809,-2.6852729980025773,-1.9174146473733589,-3.078124220373316,-1.3142315512328344,-2.408469216191779,0.6887172118121182
58,0.01799454689025879,0.0014967649335287068,0.0009526252746582031,1.0525687488067905e-05,friedman_mse,0.001,quantile,20,"{'gradientboostingregressor__criterion': 'friedman_mse', 'gradientboostingregressor__learning_rate': 0.001, 'gradientboostingregressor__loss': 'quantile', 'gradientboostingregressor__n_estimators': 20}",-6.462442081014469,-2.6685850863151384,-1.3126916798506723,-11.047113264636844,-0.18140985909533458,-4.334448394182492,3.968427146093418,141,-3.0013477689037087,-2.6439924025966106,-1.8854430277133365,-3.0281283760421625,-1.2922397729242303,-2.3702302696360094,0.6786998014836537
59,0.083186674118042,0.008920901501504867,0.0009907722473144532,1.548260220611451e-05,friedman_mse,0.001,quantile,100,"{'gradientboostingregressor__criterion': 'friedman_mse', 'gradientboostingregressor__learning_rate': 0.001, 'gradientboostingregressor__loss': 'quantile', 'gradientboostingregressor__n_estimators': 100}",-5.834584875766666,-2.36671287134371,-1.1290628224547397,-9.973923774087211,-0.05779312992802632,-3.8724154947160705,3.6172636073015743,135,-2.6602272568071403,-2.336138038243343,-1.6487285667888787,-2.6577389658518142,-1.1298924320609993,-2.086545051950435,0.6040758111486305
60,0.0026714324951171873,1.636420094341646e-05,0.0009593486785888672,2.4285948902600944e-06,friedman_mse,0.0001,squared_error,1,"{'gradientboostingregressor__criterion': 'friedman_mse', 'gradientboostingregressor__learning_rate': 0.0001, 'gradientboostingregressor__loss': 'squared_error', 'gradientboostingregressor__n_estimators': 1}",-0.11345419459236816,-0.007919627992325262,-0.02083119910607989,-0.1757369777039952,-0.16165746333567088,-0.09591989254608788,0.06983123296739069,83,0.00018712294437905896,0.00018508506481629272,0.00018846599098520933,0.0001869282106705672,0.00018455970077357886,0.00018643238232494142,1.4269188164681758e-06
61,0.004622316360473633,3.4271491071881975e-05,0.0009519577026367188,1.1939415902060699e-05,friedman_mse,0.0001,squared_error,5,"{'gradientboostingregressor__criterion': 'friedman_mse', 'gradientboostingregressor__learning_rate': 0.0001, 'gradientboostingregressor__loss': 'squared_error', 'gradientboostingregressor__n_estimators': 5}",-0.11275359747512681,-0.007225355651042209,-0.02011026000927707,-0.17488127898086847,-0.16077670597162097,-0.09514943961758711,0.06976465249518962,81,0.0009352405695535193,0.0009250552464795669,0.0009419531171617201,0.0009342672903804861,0.0009224294767318231,0.0009317891400614231,7.131740957905988e-06
62,0.007180213928222656,5.0667173619532116e-05,0.0009656429290771484,7.453622197146788e-06,friedman_mse,0.0001,squared_error,10,"{'gradientboostingregressor__criterion': 'friedman_mse', 'gradientboostingregressor__learning_rate': 0.0001, 'gradientboostingregressor__loss': 'squared_error', 'gradientboostingregressor__n_estimators': 10}",-0.11187861717006697,-0.0063582801074313355,-0.019209919871583825,-0.1738127193986987,-0.159665679318999,-0.09418504317335596,0.06967948409197243,79,0.0018695463192832662,0.0018491858538762784,0.0018829647049721787,0.0018676007337785627,0.0018439369389697813,0.0018626469101760135,1.4256353383219495e-05
63,0.011978673934936523,9.232771712160221e-05,0.0009495258331298828,3.979805300686899e-06,friedman_mse,0.0001,squared_error,20,"{'gradientboostingregressor__criterion': 'friedman_mse', 'gradientboostingregressor__learning_rate': 0.0001, 'gradientboostingregressor__loss': 'squared_error', 'gradientboostingregressor__n_estimators': 20}",-0.11013120701174883,-0.004626675436322225,-0.017412015140870096,-0.17167914160391584,-0.15740206675656165,-0.09225022118988373,0.06950120702247659,75,0.003735357095935643,0.0036946768473906655,0.003762167056021948,0.003731469812402577,0.0036841895054408047,0.0037215720634383278,2.8484221130528053e-05
64,0.05138387680053711,0.00030537921115474684,0.0010195732116699218,8.439729437781504e-05,friedman_mse,0.0001,squared_error,100,"{'gradientboostingregressor__criterion': 'friedman_mse', 'gradientboostingregressor__learning_rate': 0.0001, 'gradientboostingregressor__loss': 'squared_error', 'gradientboostingregressor__n_estimators': 100}",-0.0962735864152724,0.009104696725238282,-0.0031611517631460195,-0.15477938198041508,-0.13966410589571088,-0.07695470586586121,0.06813820897494831,69,0.01852825632907651,0.018326472656668535,0.01866124008401293,0.018508974481618035,0.018274452955508114,0.018459879301376825,0.0001412884864511841
65,0.0032750606536865235,4.967915523790179e-05,0.0009367465972900391,6.367159989471623e-06,friedman_mse,0.0001,absolute_error,1,"{'gradientboostingregressor__criterion': 'friedman_mse', 'gradientboostingregressor__learning_rate': 0.0001, 'gradientboostingregressor__loss': 'absolute_error', 'gradientboostingregressor__n_estimators': 1}",-0.009240515139588235,-0.008453526858344995,-0.20080913808021283,-0.02637355683843623,-0.3778593100530312,-0.12454720939392269,0.14587278363553807,121,-0.03562479775991667,-0.03674471535188162,-0.1040297585346337,-0.12204065779427986,-0.08002739146964921,-0.0756934641820722,0.03490642898774872
66,0.007700634002685547,0.0002621689290012046,0.0009434223175048828,7.551510961467421e-06,friedman_mse,0.0001,absolute_error,5,"{'gradientboostingregressor__criterion': 'friedman_mse', 'gradientboostingregressor__learning_rate': 0.0001, 'gradientboostingregressor__loss': 'absolute_error', 'gradientboostingregressor__n_estimators': 5}",-0.0088773675912035,-0.008173827689450963,-0.20039644811209367,-0.025750578602800722,-0.37750509036440305,-0.12414066247199038,0.14589244030098417,117,-0.03528228723555826,-0.03638865696586158,-0.1036838272806524,-0.1216588980767781,-0.07965524576090965,-0.075333783063952,0.03489774059382537
67,0.013404130935668945,0.0004716328814324759,0.0009600162506103515,1.3153793067601524e-05,friedman_mse,0.0001,absolute_error,10,"{'gradientboostingregressor__criterion': 'friedman_mse', 'gradientboostingregressor__learning_rate': 0.0001, 'gradientboostingregressor__loss': 'absolute_error', 'gradientboostingregressor__n_estimators': 10}",-0.008421118506265035,-0.007817639742660365,-0.19988096490942753,-0.024969470418510165,-0.377062618484036,-0.12363036241217981,0.1459190124838777,113,-0.034858976692526245,-0.03594394360793851,-0.10325212927484029,-0.12118206214283278,-0.07919043530322756,-0.07488550940427308,0.03488592029156113
68,0.024455738067626954,0.0011453596320730307,0.0009564399719238281,1.8513690090947687e-05,friedman_mse,0.0001,absolute_error,20,"{'gradientboostingregressor__criterion': 'friedman_mse', 'gradientboostingregressor__learning_rate': 0.0001, 'gradientboostingregressor__loss': 'absolute_error', 'gradientboostingregressor__n_estimators': 20}",-0.007518376420901474,-0.007111823173336029,-0.1988512612744613,-0.023422562563609972,-0.3761786827490814,-0.12261654123627803,0.14596839725874922,107,-0.034017717861831054,-0.03505571420941633,-0.10238986081601587,-0.12022960125513582,-0.07826205184586854,-0.07399098919765353,0.03486134016368414
69,0.1125905990600586,0.004486076618431006,0.0009943008422851562,1.9562298898429248e-05,friedman_mse,0.0001,absolute_error,100,"{'gradientboostingregressor__criterion': 'friedman_mse', 'gradientboostingregressor__learning_rate': 0.0001, 'gradientboostingregressor__loss': 'absolute_error', 'gradientboostingregressor__n_estimators': 100}",-0.000280150332305551,-0.001520825621791122,-0.19060966430850312,-0.011037315862002961,-0.3691553251130262,-0.11452065624752579,0.14639467776289047,97,-0.027372814384606814,-0.028007008372463726,-0.09546205816134701,-0.1126677076749294,-0.07089403117951965,-0.06688072395457331,0.034645310966642084
70,0.003759431838989258,6.391421817817745e-05,0.0009641170501708985,2.2436695777928528e-06,friedman_mse,0.0001,huber,1,"{'gradientboostingregressor__criterion': 'friedman_mse', 'gradientboostingregressor__learning_rate': 0.0001, 'gradientboostingregressor__loss': 'huber', 'gradientboostingregressor__n_estimators': 1}",-0.009171758734703994,-0.008351298684038833,-0.20068867411938718,-0.026324337282789934,-0.3776910465658263,-0.12444542307734925,0.1458355169584284,119,-0.035519220398971596,-0.03664395837739076,-0.10391236889901845,-0.12192789980467378,-0.0799272076141353,-0.07558613101883797,0.0349016629096876
71,0.00998382568359375,0.00021513259729351715,0.0009735584259033203,8.76343155491649e-06,friedman_mse,0.0001,huber,5,"{'gradientboostingregressor__criterion': 'friedman_mse', 'gradientboostingregressor__learning_rate': 0.0001, 'gradientboostingregressor__loss': 'huber', 'gradientboostingregressor__n_estimators': 5}",-0.008513855616216759,-0.007678420422128296,-0.19981583149789817,-0.025566816721318553,-0.3766509717797535,-0.12364517920746305,0.14569610519742457,115,-0.03475417683220172,-0.03588410902846917,-0.10309823584381594,-0.12109167047177971,-0.0791491315617745,-0.0747954647476082,0.0348733086263227
72,0.017263460159301757,0.0005393515909680041,0.0009495735168457032,1.1694084973121133e-05,friedman_mse,0.0001,huber,10,"{'gradientboostingregressor__criterion': 'friedman_mse', 'gradientboostingregressor__learning_rate': 0.0001, 'gradientboostingregressor__loss': 'huber', 'gradientboostingregressor__n_estimators': 10}",-0.007692206388540734,-0.006840586648079183,-0.19870217145682956,-0.02467501131209171,-0.37536908908499855,-0.12265581297810794,0.14551775392963123,110,-0.033798732689229505,-0.034935588639429804,-0.10207775344098335,-0.12004745363096592,-0.07818621247915347,-0.07380914817595241,0.034837452849929736
73,0.032552576065063475,0.0008863642415252787,0.000971841812133789,1.1352730693020144e-05,friedman_mse,0.0001,huber,20,"{'gradientboostingregressor__criterion': 'friedman_mse', 'gradientboostingregressor__learning_rate': 0.0001, 'gradientboostingregressor__loss': 'huber', 'gradientboostingregressor__n_estimators': 20}",-0.006051337110680954,-0.005145810297481734,-0.19651129535426248,-0.022938709922733835,-0.3727574513834586,-0.12068092081372353,0.14514452520079754,104,-0.031890708491623565,-0.03304185997878961,-0.10004589445879786,-0.11796215014726719,-0.07624411550725907,-0.07183694571674745,0.034766256526444245
74,0.15259075164794922,0.005160468498800993,0.0010068416595458984,1.6352803419866123e-05,friedman_mse,0.0001,huber,100,"{'gradientboostingregressor__criterion': 'friedman_mse', 'gradientboostingregressor__learning_rate': 0.0001, 'gradientboostingregressor__loss': 'huber', 'gradientboostingregressor__n_estimators': 100}",0.006959746734682581,0.008192011606640515,-0.17909474173991646,-0.0089157938722908,-0.3523068583982021,-0.10503312713381725,0.14228864924856272,91,-0.016763124257053397,-0.01802457561203985,-0.08392013678121635,-0.1014284816788873,-0.060920380193274504,-0.05621133970449428,0.03420214344141849
75,0.0029538154602050783,8.0014553900993e-05,0.0009369373321533204,4.783606034845144e-06,friedman_mse,0.0001,quantile,1,"{'gradientboostingregressor__criterion': 'friedman_mse', 'gradientboostingregressor__learning_rate': 0.0001, 'gradientboostingregressor__loss': 'quantile', 'gradientboostingregressor__n_estimators': 1}",-6.631721807809236,-2.7501091887857343,-1.3628791254284374,-11.336121288633645,-0.2162912285211558,-4.459424527835642,4.0625697868660025,159,-3.09357029278066,-2.726826305155948,-1.9496209793783885,-3.1284704866454707,-1.3364352439669935,-2.446984661585492,0.6987843580180287
76,0.006138467788696289,0.00037742998782637526,0.0009363174438476562,5.612517171101161e-06,friedman_mse,0.0001,quantile,5,"{'gradientboostingregressor__criterion': 'friedman_mse', 'gradientboostingregressor__learning_rate': 0.0001, 'gradientboostingregressor__loss': 'quantile', 'gradientboostingregressor__n_estimators': 5}",-6.628267316307109,-2.74844527677349,-1.361852986084723,-11.330031275045695,-0.21557954100826837,-4.456835279043856,4.060583759040482,157,-3.091686681251333,-2.7251347781592465,-1.9483094890669874,-3.126420631855721,-1.33553025756571,-2.4454163675797997,0.6983748193311587
77,0.010119199752807617,0.0007588698957329834,0.0009396553039550781,4.665699913939498e-06,friedman_mse,0.0001,quantile,10,"{'gradientboostingregressor__criterion': 'friedman_mse', 'gradientboostingregressor__learning_rate': 0.0001, 'gradientboostingregressor__loss': 'quantile', 'gradientboostingregressor__n_estimators': 10}",-6.623952316897962,-2.7463669015754815,-1.3605703855448423,-11.322808299159234,-0.21468024519229378,-4.453675629673963,4.058235319546048,153,-3.0893339594286813,-2.7230219603907266,-1.9466714135450869,-3.1238602875031978,-1.3344000098693587,-2.44345752614741,0.6978632493131977
78,0.01794586181640625,0.0014982056996217241,0.0009499549865722656,1.1540641408848453e-05,friedman_mse,0.0001,quantile,20,"{'gradientboostingregressor__criterion': 'friedman_mse', 'gradientboostingregressor__learning_rate': 0.0001, 'gradientboostingregressor__loss': 'quantile', 'gradientboostingregressor__n_estimators': 20}",-6.61533268978893,-2.742215194930698,-1.3580074850197645,-11.307996830975991,-0.2128849248672824,-4.447287425116533,4.053414368501428,151,-3.084634484203489,-2.718801622055273,-1.9433995486894275,-3.1187461716158342,-1.3321436148533512,-2.439545088283475,0.6968410251695599
79,0.0808115005493164,0.0074296117326133095,0.0009761810302734375,2.119647099580085e-06,friedman_mse,0.0001,quantile,100,"{'gradientboostingregressor__criterion': 'friedman_mse', 'gradientboostingregressor__learning_rate': 0.0001, 'gradientboostingregressor__loss': 'quantile', 'gradientboostingregressor__n_estimators': 100}",-6.54687076305328,-2.7092422945187855,-1.337682114143238,-11.191589831057719,-0.19878277446580572,-4.396833555447765,4.01550432706856,143,-3.0473235239218033,-2.685291734320841,-1.9174291638784275,-3.078146916900538,-1.3142468318619218,-2.4084876341767063,0.6887200757235699
80,0.0025806427001953125,1.425336377872002e-05,0.0009317874908447265,4.990642484495522e-06,squared_error,0.1,squared_error,1,"{'gradientboostingregressor__criterion': 'squared_error', 'gradientboostingregressor__learning_rate': 0.1, 'gradientboostingregressor__loss': 'squared_error', 'gradientboostingregressor__n_estimators': 1}",0.05333498086014521,0.1572376005687589,0.14979672805749134,0.025143152045316697,0.05959540156036225,0.08902157261841488,0.05397579268030959,37,0.17777568594447268,0.1758396035556431,0.1790516440181089,0.1775906796709561,0.17534048275914726,0.17711961918966562,0.0013556406576418175
81,0.004547643661499024,1.2810334754189615e-05,0.000939321517944336,2.0915710639439875e-06,squared_error,0.1,squared_error,5,"{'gradientboostingregressor__criterion': 'squared_error', 'gradientboostingregressor__learning_rate': 0.1, 'gradientboostingregressor__loss': 'squared_error', 'gradientboostingregressor__n_estimators': 5}",0.4453589806846938,0.5367117092852286,0.5538721947347359,0.4882611486072609,0.5874637037551005,0.5223335474134039,0.0500587002672724,23,0.616556314726011,0.6105265047592157,0.6178386116671162,0.615090593059726,0.6069205428460009,0.6133865134116139,0.0040684427375514585
82,0.006979513168334961,2.19549208497577e-05,0.0009440422058105469,9.524337328908076e-06,squared_error,0.1,squared_error,10,"{'gradientboostingregressor__criterion': 'squared_error', 'gradientboostingregressor__learning_rate': 0.1, 'gradientboostingregressor__loss': 'squared_error', 'gradientboostingregressor__n_estimators': 10}",0.6446055223728271,0.7591386018587154,0.7600845509745353,0.7393688106967139,0.8313342824425112,0.7469063536690606,0.059956054865093616,13,0.8418351151358363,0.8355301400693851,0.84273730064756,0.8384186286303554,0.8311637418489705,0.8379369852664216,0.004245942881428853
83,0.011939811706542968,0.00012716268087670712,0.0009823322296142578,6.859554028267358e-05,squared_error,0.1,squared_error,20,"{'gradientboostingregressor__criterion': 'squared_error', 'gradientboostingregressor__learning_rate': 0.1, 'gradientboostingregressor__loss': 'squared_error', 'gradientboostingregressor__n_estimators': 20}",0.7985569691062091,0.8761208211895564,0.8484050709566383,0.8923587400676474,0.9440700765056894,0.8719023355651482,0.04811674794429207,6,0.9643244897669733,0.958133397942444,0.9634737865506775,0.9600024235703382,0.9583931223452115,0.960865444035129,0.0025725358215989065
84,0.0509645938873291,0.00019765777361356438,0.0009951591491699219,5.066605170875357e-06,squared_error,0.1,squared_error,100,"{'gradientboostingregressor__criterion': 'squared_error', 'gradientboostingregressor__learning_rate': 0.1, 'gradientboostingregressor__loss': 'squared_error', 'gradientboostingregressor__n_estimators': 100}",0.8264144645917137,0.9060095440897626,0.8679071629999706,0.9327665333642584,0.9595904887281426,0.8985376387547696,0.04710599830534025,2,0.9984117348736878,0.9965341506444749,0.9985355944078084,0.9975033625714953,0.9973523291235479,0.9976674343242029,0.0007373232622104911
85,0.0032497406005859374,5.289209648273516e-05,0.0009329795837402343,3.6358637887398245e-06,squared_error,0.1,absolute_error,1,"{'gradientboostingregressor__criterion': 'squared_error', 'gradientboostingregressor__learning_rate': 0.1, 'gradientboostingregressor__loss': 'absolute_error', 'gradientboostingregressor__n_estimators': 1}",0.08032267742095733,0.058056334636122586,-0.10096861368873244,0.12686558017346428,-0.2916601880927181,-0.02547684191018127,0.1535787256309445,53,0.04667383972628891,0.04867835940861609,-0.021206659794883453,-0.029218504616497443,0.009348013419848367,0.010855009628674495,0.03270994529464854
86,0.007827568054199218,0.00020592666349131662,0.0009442806243896484,2.766477528450067e-06,squared_error,0.1,absolute_error,5,"{'gradientboostingregressor__criterion': 'squared_error', 'gradientboostingregressor__learning_rate': 0.1, 'gradientboostingregressor__loss': 'absolute_error', 'gradientboostingregressor__n_estimators': 5}",0.31011099518639973,0.24425078230095532,0.22361548180947188,0.5248432995079508,-0.040663438960357956,0.25243142396888396,0.18129370809087297,31,0.30501034465314625,0.26654436782781643,0.2560741609018399,0.32351899118141303,0.2579796573868026,0.28182550439020365,0.027353803772896184
87,0.013354969024658204,0.00042606859390294146,0.0009494781494140625,8.446346216386614e-06,squared_error,0.1,absolute_error,10,"{'gradientboostingregressor__criterion': 'squared_error', 'gradientboostingregressor__learning_rate': 0.1, 'gradientboostingregressor__loss': 'absolute_error', 'gradientboostingregressor__n_estimators': 10}",0.5193572132555561,0.5080784902747003,0.4067209391595735,0.7547709883204948,0.15835417726383438,0.46945636165483184,0.19292822622285344,27,0.6229303354777985,0.5911333462978482,0.42883198212491036,0.5643012524398161,0.43705753472564224,0.5288508902132031,0.0805190370360549
88,0.02428607940673828,0.0005145868870895814,0.0009549140930175781,2.952542415697617e-06,squared_error,0.1,absolute_error,20,"{'gradientboostingregressor__criterion': 'squared_error', 'gradientboostingregressor__learning_rate': 0.1, 'gradientboostingregressor__loss': 'absolute_error', 'gradientboostingregressor__n_estimators': 20}",0.7655580032703576,0.7374528099438236,0.8162400223109502,0.8872774460623993,0.6757497871870368,0.7764556137549136,0.07161831861229484,11,0.9028042760959336,0.8646827928390741,0.8231634894385297,0.8858629643984594,0.7858492792639689,0.852472560407193,0.04264967453626811
89,0.10985789299011231,0.0033740702881722515,0.0010091781616210938,5.813503514910954e-06,squared_error,0.1,absolute_error,100,"{'gradientboostingregressor__criterion': 'squared_error', 'gradientboostingregressor__learning_rate': 0.1, 'gradientboostingregressor__loss': 'absolute_error', 'gradientboostingregressor__n_estimators': 100}",0.8057407713676394,0.8522819798746943,0.8805669952418665,0.8763206629471514,0.9163816534978944,0.8662584125858492,0.03654052344843988,7,0.9770493850007229,0.9728241318634198,0.9797671445211212,0.9828706214443754,0.9733209567680892,0.9771664479195457,0.0038199066237016286
90,0.0036641597747802735,5.9199597246346997e-05,0.0009494304656982421,1.2651380363087214e-05,squared_error,0.1,huber,1,"{'gradientboostingregressor__criterion': 'squared_error', 'gradientboostingregressor__learning_rate': 0.1, 'gradientboostingregressor__loss': 'huber', 'gradientboostingregressor__n_estimators': 1}",0.14722638025897083,0.15471831484373755,0.010899891085766278,0.17173586556300124,-0.13394677174461522,0.07012673600137213,0.11711389438352149,43,0.14608723169269933,0.1434962232671957,0.08924983493340777,0.07655187487389048,0.10351660121944384,0.11178035319732742,0.028283627282803158
91,0.009778642654418945,0.00013914412219968056,0.0009462356567382813,4.1934568149415305e-06,squared_error,0.1,huber,5,"{'gradientboostingregressor__criterion': 'squared_error', 'gradientboostingregressor__learning_rate': 0.1, 'gradientboostingregressor__loss': 'huber', 'gradientboostingregressor__n_estimators': 5}",0.5289503277727683,0.5412333017073266,0.5158195652945714,0.5450940228649961,0.4399626360090245,0.5142119707297373,0.03851394736187518,25,0.5940815755339552,0.5953468376713565,0.5719438456634097,0.5627516311435817,0.5596619155585567,0.576757161114172,0.015213689266457124
92,0.01742687225341797,0.00014283430831217703,0.0009440898895263672,9.933789566039874e-07,squared_error,0.1,huber,10,"{'gradientboostingregressor__criterion': 'squared_error', 'gradientboostingregressor__learning_rate': 0.1, 'gradientboostingregressor__loss': 'huber', 'gradientboostingregressor__n_estimators': 10}",0.7342954171826841,0.7378999953140776,0.7521260691146527,0.7796358173766489,0.7304885151461726,0.7468891628268473,0.017934086973913285,14,0.8227485725127786,0.8279069869156219,0.8160426811094309,0.8117270576017185,0.7941215974734087,0.8145093791225918,0.011602880425996682
93,0.03275289535522461,0.00028965000514061934,0.0009578704833984375,7.277978526435437e-06,squared_error,0.1,huber,20,"{'gradientboostingregressor__criterion': 'squared_error', 'gradientboostingregressor__learning_rate': 0.1, 'gradientboostingregressor__loss': 'huber', 'gradientboostingregressor__n_estimators': 20}",0.8369927823562793,0.8229011906304156,0.8636761759916944,0.9149624800493055,0.8808751176100666,0.8638815493275522,0.032559117349097534,10,0.9462752640163294,0.9489653077249974,0.9460322568824792,0.9432872594821314,0.9254740345891103,0.9420068245390096,0.008459513302124758
94,0.1452176570892334,0.002332568423910181,0.0010335445404052734,3.877949831265919e-05,squared_error,0.1,huber,100,"{'gradientboostingregressor__criterion': 'squared_error', 'gradientboostingregressor__learning_rate': 0.1, 'gradientboostingregressor__loss': 'huber', 'gradientboostingregressor__n_estimators': 100}",0.8434410383768877,0.8868444082774857,0.880496082180046,0.9352124044038498,0.9152110286179161,0.8922409923712371,0.031377273184204565,4,0.9980969522077022,0.996342853397178,0.9973819224818506,0.9957771960043662,0.9969852376415272,0.996916832346525,0.0008052197006741834
95,0.0029607772827148437,7.314728633528092e-05,0.00093841552734375,3.1195501773445368e-06,squared_error,0.1,quantile,1,"{'gradientboostingregressor__criterion': 'squared_error', 'gradientboostingregressor__learning_rate': 0.1, 'gradientboostingregressor__loss': 'quantile', 'gradientboostingregressor__n_estimators': 1}",-5.794670083591375,-2.3472490068876075,-1.1171305733707761,-10.05860240808542,-0.05461776927968809,-3.8744539682429733,3.645744306460829,137,-2.6392369500190633,-2.3184084103862475,-1.6341532654593554,-2.6345548032707247,-1.1208929778042158,-2.069449281387921,0.5992035661859528
96,0.006366825103759766,0.00047422081332824744,0.0009383678436279297,3.1965877079190003e-06,squared_error,0.1,quantile,5,"{'gradientboostingregressor__criterion': 'squared_error', 'gradientboostingregressor__learning_rate': 0.1, 'gradientboostingregressor__loss': 'quantile', 'gradientboostingregressor__n_estimators': 5}",-3.603000128052577,-1.2417910152746958,-0.5089011098455647,-6.095096998851131,0.28348352810321165,-2.233061144784151,2.327247092268128,129,-1.437642788870075,-1.201619093112487,-0.8170056873591833,-1.3318403073498928,-0.5753542812330488,-1.0726924315849373,0.32548100276878883
97,0.011048030853271485,0.0005281416893600431,0.0009446620941162109,4.2686914095564015e-06,squared_error,0.1,quantile,10,"{'gradientboostingregressor__criterion': 'squared_error', 'gradientboostingregressor__learning_rate': 0.1, 'gradientboostingregressor__loss': 'quantile', 'gradientboostingregressor__n_estimators': 10}",-2.3285654948562384,-0.6026161815695694,-0.17793157946902993,-3.683860569115817,0.41762794244500434,-1.2750691765131301,1.5121678438337929,125,-0.7480529416455097,-0.5716687622600891,-0.3213036522010788,-0.5486035352289691,-0.2559657456481368,-0.4891189273967568,0.17884188004401824
98,0.020429515838623048,0.000962928735318158,0.0009491443634033203,4.897746702235732e-06,squared_error,0.1,quantile,20,"{'gradientboostingregressor__criterion': 'squared_error', 'gradientboostingregressor__learning_rate': 0.1, 'gradientboostingregressor__loss': 'quantile', 'gradientboostingregressor__n_estimators': 20}",-1.0118113881269881,0.01027662166741461,0.07431937538167233,-1.7341805423787737,0.514077515210535,-0.42946368364922793,0.8220527757991982,123,-0.04251552490105248,0.02983217183042053,0.07674903521280141,0.10594110251824052,0.012419397764465323,0.03648523648497506,0.05159426126347223
99,0.10338239669799805,0.0007978853118766835,0.0010329246520996093,8.0731164288817e-05,squared_error,0.1,quantile,100,"{'gradientboostingregressor__criterion': 'squared_error', 'gradientboostingregressor__learning_rate': 0.1, 'gradientboostingregressor__loss': 'quantile', 'gradientboostingregressor__n_estimators': 100}",0.493566500505508,0.8378359896596204,0.7398852436672921,0.5501209505570099,0.8482583706014384,0.6939334109981737,0.14660466488221374,22,0.7504700490383525,0.8679809951741391,0.9128671051717286,0.8807379883048475,0.8312024291266836,0.8486517133631504,0.05562532417891032
100,0.002586555480957031,5.19348565020869e-05,0.000930023193359375,5.3745280470296366e-06,squared_error,0.01,squared_error,1,"{'gradientboostingregressor__criterion': 'squared_error', 'gradientboostingregressor__learning_rate': 0.01, 'gradientboostingregressor__loss': 'squared_error', 'gradientboostingregressor__n_estimators': 1}",-0.09618793881140819,0.009189559004871617,-0.003073113798320204,-0.15467504546371824,-0.1385805153232289,-0.07666541087836079,0.06795147443083811,65,0.018619663948921006,0.018416884793459265,0.01875330376821227,0.018600286976063418,0.018364608457405285,0.01855094958881225,0.00014198552151092647
101,0.00454096794128418,1.67514461409011e-05,0.0009467601776123047,1.5121828771456795e-05,squared_error,0.01,squared_error,5,"{'gradientboostingregressor__criterion': 'squared_error', 'gradientboostingregressor__learning_rate': 0.01, 'gradientboostingregressor__loss': 'squared_error', 'gradientboostingregressor__n_estimators': 5}",-0.029518253660188787,0.07284711841388114,0.06508276677192204,-0.07331903369151105,-0.05529521474981536,-0.004040523383142402,0.06126240090084324,51,0.0895950086003302,0.08856557965485601,0.09010814035407244,0.08937366719354278,0.08824049014939017,0.08917657719043832,0.0006828347060385518
102,0.006983137130737305,3.2301837434764825e-05,0.0009426116943359375,4.408100986068561e-06,squared_error,0.01,squared_error,10,"{'gradientboostingregressor__criterion': 'squared_error', 'gradientboostingregressor__learning_rate': 0.01, 'gradientboostingregressor__loss': 'squared_error', 'gradientboostingregressor__n_estimators': 10}",0.045215449702390886,0.1451421514058422,0.14230528296420508,0.013462897336688373,0.036490216826531086,0.07652319964713153,0.055848472984675324,41,0.17094946608014705,0.1688906209271066,0.1716068563992621,0.17039602734008696,0.16811145484892098,0.16999088511910473,0.0012990165733403802
103,0.011873292922973632,3.790612482888456e-05,0.0009448528289794922,2.132480599880018e-06,squared_error,0.01,squared_error,20,"{'gradientboostingregressor__criterion': 'squared_error', 'gradientboostingregressor__learning_rate': 0.01, 'gradientboostingregressor__loss': 'squared_error', 'gradientboostingregressor__n_estimators': 20}",0.1732954916679007,0.26812519811695823,0.2737980939624074,0.16431447939956167,0.20255714404242164,0.21641808143784994,0.04633046607125147,34,0.31142517621746557,0.3078543810056744,0.3121147448558026,0.31049940900788153,0.30590775210598165,0.30956029263856116,0.002329641315289418
104,0.05115275382995606,0.0005575349709235824,0.001044893264770508,9.973007840885547e-05,squared_error,0.01,squared_error,100,"{'gradientboostingregressor__criterion': 'squared_error', 'gradientboostingregressor__learning_rate': 0.01, 'gradientboostingregressor__loss': 'squared_error', 'gradientboostingregressor__n_estimators': 100}",0.63134183625149,0.7496253649013809,0.7503036814462907,0.726089455494332,0.8074880257926561,0.7329696727772299,0.05745680015379844,19,0.830107137430893,0.8231437014311779,0.8303842735448081,0.8263853522643848,0.8190266953619962,0.825809432006652,0.004309124436537671
105,0.0033026218414306642,3.927338058171441e-05,0.0009418964385986328,4.567691808634967e-06,squared_error,0.01,absolute_error,1,"{'gradientboostingregressor__criterion': 'squared_error', 'gradientboostingregressor__learning_rate': 0.01, 'gradientboostingregressor__loss': 'absolute_error', 'gradientboostingregressor__n_estimators': 1}",0.00018287284017293182,-0.001591694913321673,-0.19062330156548457,-0.010253838033245977,-0.36911184224186644,-0.11427956078274915,0.14655334404168655,93,-0.027166300283875344,-0.027963417305030935,-0.09553364174627021,-0.11253353890161977,-0.07084846168301895,-0.06680907198396305,0.034677597055085836
106,0.007788467407226563,0.00021283579417463123,0.0009472846984863281,4.360909792012663e-06,squared_error,0.01,absolute_error,5,"{'gradientboostingregressor__criterion': 'squared_error', 'gradientboostingregressor__learning_rate': 0.01, 'gradientboostingregressor__loss': 'absolute_error', 'gradientboostingregressor__n_estimators': 5}",0.03487418047497104,0.024968023023677177,-0.1505697031127693,0.0483096252035321,-0.3348416879831828,-0.07545191247875435,0.14865979049373376,63,0.006562066635523833,0.005961833555711671,-0.06099743677676206,-0.07604874902880576,-0.034970741116982174,-0.0318986053462629,0.03381730716406693
107,0.013498830795288085,0.0003980484083550489,0.000959014892578125,5.975894030612828e-06,squared_error,0.01,absolute_error,10,"{'gradientboostingregressor__criterion': 'squared_error', 'gradientboostingregressor__learning_rate': 0.01, 'gradientboostingregressor__loss': 'absolute_error', 'gradientboostingregressor__n_estimators': 10}",0.0736941983458842,0.05670151880517382,-0.10523006470579843,0.11632801029160789,-0.29316390623332556,-0.030334048699291617,0.15139073483312912,57,0.04348557987793189,0.04384625640518658,-0.020642471877506674,-0.0337144022457867,0.007910006745948772,0.008176993781154773,0.03195157114230678
108,0.024853897094726563,0.000670399441155026,0.0009539604187011718,8.954387355274583e-06,squared_error,0.01,absolute_error,20,"{'gradientboostingregressor__criterion': 'squared_error', 'gradientboostingregressor__learning_rate': 0.01, 'gradientboostingregressor__loss': 'absolute_error', 'gradientboostingregressor__n_estimators': 20}",0.1406206449678845,0.11604427046427968,-0.024661501639849925,0.24100238418116227,-0.2176597182839346,0.051069215937908384,0.1589126843419277,49,0.1093986689410612,0.11349957527306487,0.05043850794563176,0.04410165360151619,0.0845238636164447,0.08039245387554375,0.02887480426740903
109,0.11158337593078613,0.002636601469734165,0.0009999752044677734,6.781154188015434e-06,squared_error,0.01,absolute_error,100,"{'gradientboostingregressor__criterion': 'squared_error', 'gradientboostingregressor__learning_rate': 0.01, 'gradientboostingregressor__loss': 'absolute_error', 'gradientboostingregressor__n_estimators': 100}",0.5308930730207337,0.494900166274597,0.3664514126071138,0.7921420467353418,0.13402432336512682,0.4636822044005827,0.21517707844117093,29,0.6208730222055817,0.5620968257960689,0.40939723715657617,0.6395627681596081,0.42767958166364584,0.5319218869962962,0.09621656689325012
110,0.003652143478393555,7.082362643964539e-05,0.0009374141693115235,7.574659943611012e-06,squared_error,0.01,huber,1,"{'gradientboostingregressor__criterion': 'squared_error', 'gradientboostingregressor__learning_rate': 0.01, 'gradientboostingregressor__loss': 'huber', 'gradientboostingregressor__n_estimators': 1}",0.007040153218180523,0.008575962035236917,-0.17866208567800346,-0.005374983345083573,-0.3523900437731038,-0.10416219950855468,0.14283001512640803,85,-0.016669648566649764,-0.017946575907283657,-0.08386338498631551,-0.10132698652777017,-0.06088968689276575,-0.05613925657615697,0.03420425597955471
111,0.009636116027832032,0.00020794399936736212,0.0009389400482177734,4.5671939946932525e-06,squared_error,0.01,huber,5,"{'gradientboostingregressor__criterion': 'squared_error', 'gradientboostingregressor__learning_rate': 0.01, 'gradientboostingregressor__loss': 'huber', 'gradientboostingregressor__n_estimators': 5}",0.06913593656009853,0.07043049790035172,-0.095828645930641,0.06276838643260862,-0.2535824632624373,-0.029415257660003878,0.12871752890186336,55,0.055908573897353264,0.05401535694227788,-0.006415514534365618,-0.022136713603987834,0.01283912548665933,0.018842165637587404,0.031509768169423025
112,0.01722826957702637,0.0003583001366704306,0.0009521961212158204,1.0319311370294207e-05,squared_error,0.01,huber,10,"{'gradientboostingregressor__criterion': 'squared_error', 'gradientboostingregressor__learning_rate': 0.01, 'gradientboostingregressor__loss': 'huber', 'gradientboostingregressor__n_estimators': 10}",0.13825077133906372,0.14226492623958764,-0.00020584540845169919,0.13596714039909608,-0.1401905153162386,0.05521729545061142,0.11157806473915297,46,0.13908119473099756,0.13644803308412412,0.08260508514755438,0.06818571018291031,0.0976592112199316,0.10479584687310359,0.028499156312265718
113,0.03231053352355957,0.0008360771057080575,0.0009547710418701172,5.56409917671769e-06,squared_error,0.01,huber,20,"{'gradientboostingregressor__criterion': 'squared_error', 'gradientboostingregressor__learning_rate': 0.01, 'gradientboostingregressor__loss': 'huber', 'gradientboostingregressor__n_estimators': 20}",0.25826811642652014,0.26342753296727583,0.1649150270098062,0.2614215647907129,0.05057296858782756,0.19972104195642854,0.08336646557216605,36,0.2826826294817265,0.27899156920877,0.23658430449756496,0.22424090810349107,0.24249158100273294,0.25299819845885707,0.023510029527921156
114,0.15538349151611328,0.0010044233724716717,0.0010073184967041016,1.4074371959208118e-05,squared_error,0.01,huber,100,"{'gradientboostingregressor__criterion': 'squared_error', 'gradientboostingregressor__learning_rate': 0.01, 'gradientboostingregressor__loss': 'huber', 'gradientboostingregressor__n_estimators': 100}",0.7219012601621473,0.7309765253977378,0.7395904875590517,0.7541117301252268,0.7111180632608004,0.7315396133009928,0.014728011810871897,20,0.8113731604951415,0.8165198161419707,0.8034081395107572,0.7968222861807448,0.7804093067073796,0.8017065418071987,0.01259523897384696
115,0.0029782772064208983,8.243374003774787e-05,0.0009387493133544922,2.7950956134324732e-06,squared_error,0.01,quantile,1,"{'gradientboostingregressor__criterion': 'squared_error', 'gradientboostingregressor__learning_rate': 0.01, 'gradientboostingregressor__loss': 'quantile', 'gradientboostingregressor__n_estimators': 1}",-6.546447046211335,-2.709038235088716,-1.3374839419136668,-11.204869694996507,-0.19914338930618203,-4.399396461503281,4.01992629849892,147,-3.0470926860785053,-2.685084396609919,-1.917268523250582,-3.0778957554051694,-1.3141309065188076,-2.4082944535725965,0.6886714876898974
116,0.006181097030639649,0.00038009881805023914,0.0009485244750976563,4.540230987040573e-06,squared_error,0.01,quantile,5,"{'gradientboostingregressor__criterion': 'squared_error', 'gradientboostingregressor__learning_rate': 0.01, 'gradientboostingregressor__loss': 'quantile', 'gradientboostingregressor__n_estimators': 5}",-6.215406377196917,-2.5496603282698524,-1.2400440861496165,-10.621753915127089,-0.13258155806308514,-4.151889252961312,3.8293097502716007,139,-2.8670583298384056,-2.523320034222486,-1.7921208121544683,-2.8820975936540294,-1.2282650132413955,-2.258572356622157,0.6493443614557626
117,0.010295629501342773,0.0007931135567824627,0.000939321517944336,3.366348761505659e-06,squared_error,0.01,quantile,10,"{'gradientboostingregressor__criterion': 'squared_error', 'gradientboostingregressor__learning_rate': 0.01, 'gradientboostingregressor__loss': 'quantile', 'gradientboostingregressor__n_estimators': 10}",-5.830295430907434,-2.365357182144555,-1.1281881830175378,-9.98034112089988,-0.05687970951498178,-3.872212325296877,3.619402456678662,133,-2.6583747474977795,-2.3345307340649257,-1.6474791356024379,-2.655673935269622,-1.1294327341982693,-2.085098257326607,0.6035273294043467
118,0.018817567825317384,0.002136095718621252,0.0009702205657958985,3.9961286763484404e-05,squared_error,0.01,quantile,20,"{'gradientboostingregressor__criterion': 'squared_error', 'gradientboostingregressor__learning_rate': 0.01, 'gradientboostingregressor__loss': 'quantile', 'gradientboostingregressor__n_estimators': 20}",-5.219142249642237,-2.0346709082604955,-0.9372243127388837,-8.80712921046435,0.04768395907481182,-3.39009654440623,3.2361009479651033,132,-2.3190554067092344,-1.9970454720487352,-1.397480214082592,-2.257541324151102,-0.953975650652999,-1.7850196135289327,0.5280618930473664
119,0.09182953834533691,0.005028000310464232,0.0009846687316894531,5.066605170875357e-06,squared_error,0.01,quantile,100,"{'gradientboostingregressor__criterion': 'squared_error', 'gradientboostingregressor__learning_rate': 0.01, 'gradientboostingregressor__loss': 'quantile', 'gradientboostingregressor__n_estimators': 100}",-2.317350508724457,-0.6268884375366424,-0.18305245692417116,-3.812958521690695,0.39752087056294605,-1.3085458108626038,1.5447864273371303,127,-0.7381949144560054,-0.5875234527923392,-0.34102865933121684,-0.5849593468257799,-0.2669048746654392,-0.5037222496141561,0.17386846267927614
120,0.0025885581970214845,1.480147395486584e-05,0.0009307861328125,3.3207865422210978e-06,squared_error,0.001,squared_error,1,"{'gradientboostingregressor__criterion': 'squared_error', 'gradientboostingregressor__learning_rate': 0.001, 'gradientboostingregressor__loss': 'squared_error', 'gradientboostingregressor__n_estimators': 1}",-0.11187782953269765,-0.006357499588606652,-0.01920910942860443,-0.1738117575698317,-0.15954909543973872,-0.09416105831189583,0.06965769568407808,77,0.0018703873484369193,0.0018500177237247284,0.0018838117704851332,0.00186844088769611,0.0018447664475551573,0.0018634848355796097,1.4262766708644075e-05
121,0.004552507400512695,7.616867271135496e-06,0.0009350299835205079,3.982089919302552e-06,squared_error,0.001,squared_error,5,"{'gradientboostingregressor__criterion': 'squared_error', 'gradientboostingregressor__learning_rate': 0.001, 'gradientboostingregressor__loss': 'squared_error', 'gradientboostingregressor__n_estimators': 5}",-0.10490541225783967,0.000551699736244804,-0.01203641889762519,-0.1653018835189053,-0.15078614628827003,-0.08649563224527908,0.06899859113529475,74,0.009314622365112601,0.009213180617193562,0.009381476657061905,0.009304928893455688,0.009187028999725344,0.00928024750650982,7.102929020723235e-05
122,0.007012701034545899,2.9431554433788637e-05,0.0009410381317138672,2.5005551532987393e-06,squared_error,0.001,squared_error,10,"{'gradientboostingregressor__criterion': 'squared_error', 'gradientboostingregressor__learning_rate': 0.001, 'gradientboostingregressor__loss': 'squared_error', 'gradientboostingregressor__n_estimators': 10}",-0.09626584671991312,0.009112365455967275,-0.0031531960382429336,-0.15476995337122723,-0.1396295452475691,-0.07694123518419702,0.06813291584599285,68,0.018536516548779747,0.018334642917694155,0.018669559590193674,0.018517226105137397,0.01828260002524207,0.01846810903740941,0.00014135147532184697
123,0.011889505386352538,4.967018381628769e-05,0.0009490489959716797,7.62283520065024e-06,squared_error,0.001,squared_error,20,"{'gradientboostingregressor__criterion': 'squared_error', 'gradientboostingregressor__learning_rate': 0.001, 'gradientboostingregressor__loss': 'squared_error', 'gradientboostingregressor__n_estimators': 20}",-0.07923676255662326,0.025922139342644424,0.01434129544367957,-0.13405283587290096,-0.11779143394788538,-0.05816351951821712,0.06646217617095143,62,0.036705803662621994,0.036306310015299825,0.0369692540117732,0.03666760494092425,0.03620300099011753,0.03657039472414736,0.00027985461491335077
124,0.05093150138854981,0.0002535285997490475,0.000977802276611328,7.762932367312897e-06,squared_error,0.001,squared_error,100,"{'gradientboostingregressor__criterion': 'squared_error', 'gradientboostingregressor__learning_rate': 0.001, 'gradientboostingregressor__loss': 'squared_error', 'gradientboostingregressor__n_estimators': 100}",0.04481718760332054,0.14400759946825548,0.14180305904727664,0.012002430830264088,0.04071638459510851,0.07666933230884505,0.055255454574833884,40,0.17030350850393616,0.16822131355758163,0.17090761830680645,0.1697609940336895,0.16743131000806555,0.16932494888201585,0.0013004949773369157
125,0.003280973434448242,5.893977322610649e-05,0.0009379386901855469,6.406320973655893e-06,squared_error,0.001,absolute_error,1,"{'gradientboostingregressor__criterion': 'squared_error', 'gradientboostingregressor__learning_rate': 0.001, 'gradientboostingregressor__loss': 'absolute_error', 'gradientboostingregressor__n_estimators': 1}",-0.008378863902477107,-0.007827262457981599,-0.19988050084711095,-0.02489963823450414,-0.37706222013854607,-0.12360969711612398,0.14593341615345906,111,-0.03485309092896682,-0.035943543272205725,-0.10325476226006747,-0.1211735694664351,-0.07919001687376981,-0.07488299656028899,0.034885524276153476
126,0.007703304290771484,0.0002583262829059846,0.0009400367736816407,4.5994398314619046e-06,squared_error,0.001,absolute_error,5,"{'gradientboostingregressor__criterion': 'squared_error', 'gradientboostingregressor__learning_rate': 0.001, 'gradientboostingregressor__loss': 'absolute_error', 'gradientboostingregressor__n_estimators': 5}",-0.004766866469381181,-0.005043398553840062,-0.1957699204715151,-0.018704751452469415,-0.373532939758088,-0.11956357534105874,0.14613247600438856,101,-0.03144189361278005,-0.03239859014905355,-0.09981012118499732,-0.11737171451948814,-0.07548469602580865,-0.07130140309842554,0.03479922382151561
127,0.01322169303894043,0.0004641079699272769,0.0009415149688720703,5.472212811639699e-06,squared_error,0.001,absolute_error,10,"{'gradientboostingregressor__criterion': 'squared_error', 'gradientboostingregressor__learning_rate': 0.001, 'gradientboostingregressor__loss': 'absolute_error', 'gradientboostingregressor__n_estimators': 10}",-0.0002674816107297584,-0.0015272400575450096,-0.19060559225802765,-0.01100766380783269,-0.36915139574541644,-0.11451187469591032,0.14639806707745492,95,-0.027255086217711,-0.02800306920284945,-0.09545171076520909,-0.11265548309487827,-0.07088991322819393,-0.06685105250176834,0.034668032143142756
128,0.02444448471069336,0.0008918223123068543,0.0009478569030761719,5.123725652947821e-06,squared_error,0.001,absolute_error,20,"{'gradientboostingregressor__criterion': 'squared_error', 'gradientboostingregressor__learning_rate': 0.001, 'gradientboostingregressor__loss': 'absolute_error', 'gradientboostingregressor__n_estimators': 20}",0.008554614853758413,0.005347516763570481,-0.18020327237938916,0.004004298971606035,-0.3604618765540608,-0.104551743668903,0.1468798557223979,87,-0.01915964089777278,-0.019329517880067426,-0.08660027841941265,-0.10334193433403649,-0.06178118248921116,-0.0580425108041001,0.03432822431344906
129,0.11408333778381348,0.0033063088575994706,0.0010190486907958984,7.383148601640501e-05,squared_error,0.001,absolute_error,100,"{'gradientboostingregressor__criterion': 'squared_error', 'gradientboostingregressor__learning_rate': 0.001, 'gradientboostingregressor__loss': 'absolute_error', 'gradientboostingregressor__n_estimators': 100}",0.07296167076777027,0.05736974905209613,-0.10572686500991435,0.11593041579809704,-0.29365030761120114,-0.03062306740063041,0.15150865762358573,59,0.04205449151282081,0.04506092446025056,-0.021069628321088718,-0.034297522867762886,0.007911119449851345,0.007931876846814224,0.03214756271151064
130,0.0036575794219970703,6.492449167742403e-05,0.0009396076202392578,4.7731375718087e-06,squared_error,0.001,huber,1,"{'gradientboostingregressor__criterion': 'squared_error', 'gradientboostingregressor__learning_rate': 0.001, 'gradientboostingregressor__loss': 'huber', 'gradientboostingregressor__n_estimators': 1}",-0.007691466763734223,-0.00680548217384791,-0.1986766356042624,-0.024407834504195813,-0.3753805357233302,-0.12259239095387411,0.1455607750527635,105,-0.03379787263203826,-0.03493650858231212,-0.10208149051120086,-0.12004661908480196,-0.07818872023464118,-0.07381024220899887,0.03483789311146405
131,0.009707069396972657,0.0002191450720464013,0.0009475231170654296,5.662930618020448e-06,squared_error,0.001,huber,5,"{'gradientboostingregressor__criterion': 'squared_error', 'gradientboostingregressor__learning_rate': 0.001, 'gradientboostingregressor__loss': 'huber', 'gradientboostingregressor__n_estimators': 5}",-0.0011444358573120539,-0.00015758256488518363,-0.18992829529997057,-0.017261168856714804,-0.3646182183987461,-0.11462194019552574,0.14396356427158324,99,-0.026185213984001754,-0.0273840034440489,-0.09397303562097359,-0.11172609905161868,-0.07036075304320444,-0.06592582102876947,0.03455073917109332
132,0.017173147201538085,0.0004443410992486311,0.000945281982421875,3.171594457305124e-06,squared_error,0.001,huber,10,"{'gradientboostingregressor__criterion': 'squared_error', 'gradientboostingregressor__learning_rate': 0.001, 'gradientboostingregressor__loss': 'huber', 'gradientboostingregressor__n_estimators': 10}",0.006967012811655682,0.008146658393298645,-0.17896050382262185,-0.00851043123479256,-0.3518644406241884,-0.10484434089532971,0.14216968886906672,90,-0.016754677152304387,-0.018027222980560476,-0.08394242681411246,-0.10141872299120003,-0.06076526131996607,-0.05618166225162868,0.03420032012709986
133,0.03202552795410156,0.0008694534566702209,0.0009563922882080078,8.505363518334692e-06,squared_error,0.001,huber,20,"{'gradientboostingregressor__criterion': 'squared_error', 'gradientboostingregressor__learning_rate': 0.001, 'gradientboostingregressor__loss': 'huber', 'gradientboostingregressor__n_estimators': 20}",0.022951789363130692,0.024343453920159464,-0.15775323026721622,0.008731822113159371,-0.32638528522259613,-0.08562229001867257,0.13853027570211263,72,0.0018256847473419047,0.0004070626616915485,-0.06411981236266473,-0.08111118108997517,-0.0419312813390571,-0.03698590547653271,0.03350319147538454
134,0.15268511772155763,0.003365145719866651,0.0009968280792236328,1.056815733123403e-05,squared_error,0.001,huber,100,"{'gradientboostingregressor__criterion': 'squared_error', 'gradientboostingregressor__learning_rate': 0.001, 'gradientboostingregressor__loss': 'huber', 'gradientboostingregressor__n_estimators': 100}",0.13765645027436846,0.1406366306376673,-0.001190534573469293,0.1325392785693179,-0.14229483270889864,0.053469398439797144,0.1115786489285345,48,0.13841570639713863,0.1357307307923976,0.08199549849539356,0.0674498915076931,0.09672386727572213,0.104063138893669,0.028510737680814677
135,0.0029689311981201173,7.844175608561484e-05,0.0009355545043945312,5.556738713057409e-06,squared_error,0.001,quantile,1,"{'gradientboostingregressor__criterion': 'squared_error', 'gradientboostingregressor__learning_rate': 0.001, 'gradientboostingregressor__loss': 'quantile', 'gradientboostingregressor__n_estimators': 1}",-6.623948432301897,-2.7463650305168423,-1.3605610021689039,-11.324147047180332,-0.21472209636474093,-4.453948721706544,4.058680963124274,155,-3.0893318414282493,-2.7230200583506874,-1.9466699389132818,-3.1238579826055615,-1.3343989924439432,-2.443455762748345,0.69786278876219
136,0.006116676330566406,0.00036173035907626747,0.0009331703186035156,2.667732378139375e-06,squared_error,0.001,quantile,5,"{'gradientboostingregressor__criterion': 'squared_error', 'gradientboostingregressor__learning_rate': 0.001, 'gradientboostingregressor__loss': 'quantile', 'gradientboostingregressor__n_estimators': 5}",-6.5895372655694135,-2.7297910234826475,-1.3503477772319812,-11.263487370272065,-0.20764824342183008,-4.428162335995587,4.038894816390117,149,-3.0705731573439827,-2.706173423390407,-1.9336108265735859,-3.1034448164344157,-1.325392266282324,-2.4278388980049437,0.6937824955350046
137,0.010041332244873047,0.0007414173300597211,0.0009400844573974609,6.576205065940594e-06,squared_error,0.001,quantile,10,"{'gradientboostingregressor__criterion': 'squared_error', 'gradientboostingregressor__learning_rate': 0.001, 'gradientboostingregressor__loss': 'quantile', 'gradientboostingregressor__n_estimators': 10}",-6.546832473438226,-2.70922385446875,-1.3376802784896067,-11.192029813536841,-0.19879613099916593,-4.396912510186518,4.015648166709131,145,-3.047302663976809,-2.6852729980025773,-1.9174146473733589,-3.078124220373316,-1.3142315512328344,-2.408469216191779,0.6887172118121182
138,0.01793694496154785,0.0015045739502935337,0.0009446620941162109,4.721410291475892e-06,squared_error,0.001,quantile,20,"{'gradientboostingregressor__criterion': 'squared_error', 'gradientboostingregressor__learning_rate': 0.001, 'gradientboostingregressor__loss': 'quantile', 'gradientboostingregressor__n_estimators': 20}",-6.462442081014469,-2.6685850863151384,-1.3126916798506723,-11.047113264636844,-0.18140985909533458,-4.334448394182492,3.968427146093418,141,-3.0013477689037087,-2.6439924025966106,-1.8854430277133365,-3.0281283760421625,-1.2922397729242303,-2.3702302696360094,0.6786998014836537
139,0.08261585235595703,0.008698216872792682,0.0009728431701660156,3.4929745811104657e-06,squared_error,0.001,quantile,100,"{'gradientboostingregressor__criterion': 'squared_error', 'gradientboostingregressor__learning_rate': 0.001, 'gradientboostingregressor__loss': 'quantile', 'gradientboostingregressor__n_estimators': 100}",-5.834584875766666,-2.36671287134371,-1.1290628224547397,-9.974328606371175,-0.05764958020414346,-3.8724677512280863,3.6174304567032958,136,-2.6602272568071403,-2.336138038243343,-1.6487285667888787,-2.6577389658518142,-1.129806548409657,-2.086527875220167,0.6041030136682493
140,0.0025771617889404296,1.0561270294118597e-05,0.0009310245513916016,5.704136477673593e-06,squared_error,0.0001,squared_error,1,"{'gradientboostingregressor__criterion': 'squared_error', 'gradientboostingregressor__learning_rate': 0.0001, 'gradientboostingregressor__loss': 'squared_error', 'gradientboostingregressor__n_estimators': 1}",-0.11345419459236816,-0.007919627992325262,-0.02083119910607989,-0.1757369777039952,-0.16165746333567088,-0.09591989254608788,0.06983123296739069,83,0.00018712294437905896,0.00018508506481629272,0.00018846599098520933,0.0001869282106705672,0.00018455970077357886,0.00018643238232494142,1.4269188164681758e-06
141,0.004555416107177734,1.0055951890130693e-05,0.000936126708984375,3.82838178857213e-06,squared_error,0.0001,squared_error,5,"{'gradientboostingregressor__criterion': 'squared_error', 'gradientboostingregressor__learning_rate': 0.0001, 'gradientboostingregressor__loss': 'squared_error', 'gradientboostingregressor__n_estimators': 5}",-0.11275359747512681,-0.007225355651042209,-0.02011026000927707,-0.17488127898086847,-0.16077670597162097,-0.09514943961758711,0.06976465249518962,81,0.0009352405695535193,0.0009250552464795669,0.0009419531171617201,0.0009342672903804861,0.0009224294767318231,0.0009317891400614231,7.131740957905988e-06
142,0.006982994079589844,2.840661070468464e-05,0.0009360790252685546,4.619171538662848e-06,squared_error,0.0001,squared_error,10,"{'gradientboostingregressor__criterion': 'squared_error', 'gradientboostingregressor__learning_rate': 0.0001, 'gradientboostingregressor__loss': 'squared_error', 'gradientboostingregressor__n_estimators': 10}",-0.11187861717006697,-0.0063582801074313355,-0.019209919871583825,-0.1738127193986987,-0.159665679318999,-0.09418504317335596,0.06967948409197243,79,0.0018695463192832662,0.0018491858538762784,0.0018829647049721787,0.0018676007337785627,0.0018439369389697813,0.0018626469101760135,1.4256353383219495e-05
143,0.011844587326049805,5.02895716045285e-05,0.0009418964385986328,3.103473681501957e-06,squared_error,0.0001,squared_error,20,"{'gradientboostingregressor__criterion': 'squared_error', 'gradientboostingregressor__learning_rate': 0.0001, 'gradientboostingregressor__loss': 'squared_error', 'gradientboostingregressor__n_estimators': 20}",-0.11013120701174883,-0.004626675436322225,-0.017412015140870096,-0.17167914160391584,-0.15741321328104507,-0.09225245049478041,0.06950329692983671,76,0.003735357095935643,0.0036946768473906655,0.003762167056021948,0.003731469812402577,0.0036841895054408047,0.0037215720634383278,2.8484221130528053e-05
144,0.05083346366882324,0.00021902122637050764,0.0009950160980224609,4.0343523470047457e-05,squared_error,0.0001,squared_error,100,"{'gradientboostingregressor__criterion': 'squared_error', 'gradientboostingregressor__learning_rate': 0.0001, 'gradientboostingregressor__loss': 'squared_error', 'gradientboostingregressor__n_estimators': 100}",-0.0962735864152724,0.009104696725238282,-0.0031611517631460195,-0.15477938198041508,-0.13968932286622526,-0.0769597492599641,0.06814285113270235,70,0.01852825632907651,0.018326472656668535,0.01866124008401293,0.018508974481618035,0.018274452955508114,0.018459879301376825,0.0001412884864511841
145,0.0032760143280029298,6.257978600276709e-05,0.00093841552734375,3.3276264805541807e-06,squared_error,0.0001,absolute_error,1,"{'gradientboostingregressor__criterion': 'squared_error', 'gradientboostingregressor__learning_rate': 0.0001, 'gradientboostingregressor__loss': 'absolute_error', 'gradientboostingregressor__n_estimators': 1}",-0.009240515139588235,-0.008453526858344995,-0.20080913808021283,-0.02637355683843623,-0.3778593100530312,-0.12454720939392269,0.14587278363553807,121,-0.03562479775991667,-0.03674471535188162,-0.1040297585346337,-0.12204065779427986,-0.08002739146964921,-0.0756934641820722,0.03490642898774872
146,0.007682895660400391,0.00026156205042056476,0.0009412288665771485,2.086128507063614e-06,squared_error,0.0001,absolute_error,5,"{'gradientboostingregressor__criterion': 'squared_error', 'gradientboostingregressor__learning_rate': 0.0001, 'gradientboostingregressor__loss': 'absolute_error', 'gradientboostingregressor__n_estimators': 5}",-0.0088773675912035,-0.008173827689450963,-0.20039644811209367,-0.025750578602800722,-0.37750509036440305,-0.12414066247199038,0.14589244030098417,117,-0.03528228723555826,-0.03638865696586158,-0.1036838272806524,-0.1216588980767781,-0.07965524576090965,-0.075333783063952,0.03489774059382537
147,0.013183212280273438,0.0005263407218125435,0.0009430885314941406,5.943464832642701e-06,squared_error,0.0001,absolute_error,10,"{'gradientboostingregressor__criterion': 'squared_error', 'gradientboostingregressor__learning_rate': 0.0001, 'gradientboostingregressor__loss': 'absolute_error', 'gradientboostingregressor__n_estimators': 10}",-0.008421118506265035,-0.007817639742660365,-0.19988096490942753,-0.024969470418510165,-0.377062618484036,-0.12363036241217981,0.1459190124838777,113,-0.034858976692526245,-0.03594394360793851,-0.10325212927484029,-0.12118206214283278,-0.07919043530322756,-0.07488550940427308,0.03488592029156113
148,0.024137496948242188,0.000983391688752776,0.0009447097778320313,2.708334316475473e-06,squared_error,0.0001,absolute_error,20,"{'gradientboostingregressor__criterion': 'squared_error', 'gradientboostingregressor__learning_rate': 0.0001, 'gradientboostingregressor__loss': 'absolute_error', 'gradientboostingregressor__n_estimators': 20}",-0.007518376420901474,-0.007111823173336029,-0.1988512612744613,-0.023422562563609972,-0.3761786827490814,-0.12261654123627803,0.14596839725874922,107,-0.034017717861831054,-0.03505571420941633,-0.10238986081601587,-0.12022960125513582,-0.07826205184586854,-0.07399098919765353,0.03486134016368414
149,0.11221432685852051,0.004637215810376838,0.0010114192962646484,6.710530530243256e-05,squared_error,0.0001,absolute_error,100,"{'gradientboostingregressor__criterion': 'squared_error', 'gradientboostingregressor__learning_rate': 0.0001, 'gradientboostingregressor__loss': 'absolute_error', 'gradientboostingregressor__n_estimators': 100}",-0.000280150332305551,-0.001520825621791122,-0.19060966430850312,-0.011037315862002961,-0.3691553251130262,-0.11452065624752579,0.14639467776289047,97,-0.027372814384606814,-0.028007008372463726,-0.09546205816134701,-0.1126677076749294,-0.07089403117951965,-0.06688072395457331,0.034645310966642084
150,0.003640890121459961,7.279025035505101e-05,0.0009355545043945312,5.062115488849721e-06,squared_error,0.0001,huber,1,"{'gradientboostingregressor__criterion': 'squared_error', 'gradientboostingregressor__learning_rate': 0.0001, 'gradientboostingregressor__loss': 'huber', 'gradientboostingregressor__n_estimators': 1}",-0.009171758734703994,-0.008351298684038833,-0.20068867411938718,-0.026324337282789934,-0.3776910465658263,-0.12444542307734925,0.1458355169584284,119,-0.035519220398971596,-0.03664395837739076,-0.10391236889901845,-0.12192789980467378,-0.0799272076141353,-0.07558613101883797,0.0349016629096876
151,0.009663248062133789,0.00022372844779413803,0.0009429454803466797,7.872868849779289e-06,squared_error,0.0001,huber,5,"{'gradientboostingregressor__criterion': 'squared_error', 'gradientboostingregressor__learning_rate': 0.0001, 'gradientboostingregressor__loss': 'huber', 'gradientboostingregressor__n_estimators': 5}",-0.008513855616216759,-0.0076781389915037135,-0.19980509423016568,-0.025605712310741824,-0.37666045152658745,-0.12365265053504308,0.145693083955003,116,-0.03475417683220172,-0.03588481357088269,-0.10309685719880202,-0.12109172259030987,-0.07915423942349098,-0.07479636192313746,0.0348730690662184
152,0.017132139205932616,0.0003864776374805351,0.0009424686431884766,2.8088906240507396e-06,squared_error,0.0001,huber,10,"{'gradientboostingregressor__criterion': 'squared_error', 'gradientboostingregressor__learning_rate': 0.0001, 'gradientboostingregressor__loss': 'huber', 'gradientboostingregressor__n_estimators': 10}",-0.007692206388540734,-0.0068456220620780606,-0.19868668198444706,-0.024670895311030172,-0.3753597942495024,-0.12265103999911968,0.1455126594689808,109,-0.033798732689229505,-0.03493660639430107,-0.10207848641602246,-0.1200475062381221,-0.07818463354910965,-0.07380919305735696,0.03483731896987473
153,0.03203592300415039,0.0007618472745675774,0.0009537696838378906,6.789866451769852e-06,squared_error,0.0001,huber,20,"{'gradientboostingregressor__criterion': 'squared_error', 'gradientboostingregressor__learning_rate': 0.0001, 'gradientboostingregressor__loss': 'huber', 'gradientboostingregressor__n_estimators': 20}",-0.006051337110680954,-0.005159800418453431,-0.19647922240284865,-0.02293459433908951,-0.37275244113027584,-0.12067547908026968,0.14513776130768227,103,-0.031890708491623565,-0.03304244857852523,-0.10004450658562702,-0.11796220373021105,-0.07624680494431302,-0.07183733446605997,0.03476598237152189
154,0.1507669448852539,0.004233119570614128,0.000986623764038086,8.799422221682413e-06,squared_error,0.0001,huber,100,"{'gradientboostingregressor__criterion': 'squared_error', 'gradientboostingregressor__learning_rate': 0.0001, 'gradientboostingregressor__loss': 'huber', 'gradientboostingregressor__n_estimators': 100}",0.006959746734682581,0.008209082594033523,-0.17901637869663456,-0.008998258573640339,-0.3523477815764171,-0.10503871790359517,0.14228630116657673,92,-0.016763124257053397,-0.018028187288612996,-0.08392474384993065,-0.1014288416190583,-0.06093479261351997,-0.05621593792563506,0.03420257587021661
155,0.0029702186584472656,7.038284444484045e-05,0.0009371280670166015,6.3735846157941485e-06,squared_error,0.0001,quantile,1,"{'gradientboostingregressor__criterion': 'squared_error', 'gradientboostingregressor__learning_rate': 0.0001, 'gradientboostingregressor__loss': 'quantile', 'gradientboostingregressor__n_estimators': 1}",-6.631721807809236,-2.7501091887857343,-1.3628791254284374,-11.336121288633645,-0.2162912285211558,-4.459424527835642,4.0625697868660025,159,-3.09357029278066,-2.726826305155948,-1.9496209793783885,-3.1284704866454707,-1.3364352439669935,-2.446984661585492,0.6987843580180287
156,0.0061438560485839845,0.0003728024821871552,0.0009383201599121094,4.729109294211364e-06,squared_error,0.0001,quantile,5,"{'gradientboostingregressor__criterion': 'squared_error', 'gradientboostingregressor__learning_rate': 0.0001, 'gradientboostingregressor__loss': 'quantile', 'gradientboostingregressor__n_estimators': 5}",-6.628267316307109,-2.74844527677349,-1.361852986084723,-11.330031275045695,-0.21557954100826837,-4.456835279043856,4.060583759040482,157,-3.091686681251333,-2.7251347781592465,-1.9483094890669874,-3.126420631855721,-1.33553025756571,-2.4454163675797997,0.6983748193311587
157,0.010057592391967773,0.0007446851957016516,0.0009417533874511719,3.7697287323097935e-06,squared_error,0.0001,quantile,10,"{'gradientboostingregressor__criterion': 'squared_error', 'gradientboostingregressor__learning_rate': 0.0001, 'gradientboostingregressor__loss': 'quantile', 'gradientboostingregressor__n_estimators': 10}",-6.623952316897962,-2.7463669015754815,-1.3605703855448423,-11.322808299159234,-0.21468024519229378,-4.453675629673963,4.058235319546048,153,-3.0893339594286813,-2.7230219603907266,-1.9466714135450869,-3.1238602875031978,-1.3344000098693587,-2.44345752614741,0.6978632493131977
158,0.01793384552001953,0.0014719184466259233,0.0009427547454833984,3.135544247202605e-06,squared_error,0.0001,quantile,20,"{'gradientboostingregressor__criterion': 'squared_error', 'gradientboostingregressor__learning_rate': 0.0001, 'gradientboostingregressor__loss': 'quantile', 'gradientboostingregressor__n_estimators': 20}",-6.61533268978893,-2.742215194930698,-1.3580074850197645,-11.307996830975991,-0.2128849248672824,-4.447287425116533,4.053414368501428,151,-3.084634484203489,-2.718801622055273,-1.9433995486894275,-3.1187461716158342,-1.3321436148533512,-2.439545088283475,0.6968410251695599
159,0.0807640552520752,0.007378465434787351,0.000978851318359375,6.942198804913863e-06,squared_error,0.0001,quantile,100,"{'gradientboostingregressor__criterion': 'squared_error', 'gradientboostingregressor__learning_rate': 0.0001, 'gradientboostingregressor__loss': 'quantile', 'gradientboostingregressor__n_estimators': 100}",-6.54687076305328,-2.7092422945187855,-1.337682114143238,-11.191790971654186,-0.19878277446580572,-4.396873783567059,4.015572398514511,144,-3.0473235239218033,-2.685291734320841,-1.9174291638784275,-3.078146916900538,-1.3142468318619218,-2.4084876341767063,0.6887200757235699
